Date,Open,High,Low,Close,Volume
31-12-2021,3742.8,3760,3731.3,3738.35,1207141
30-12-2021,3681.35,3740,3680,3733.75,1966475
29-12-2021,3692.25,3719.95,3685,3694.7,1456923
28-12-2021,3710,3725,3693.85,3706.55,1456218
27-12-2021,3671,3700,3653.1,3696.1,1534135
24-12-2021,3685,3705,3644.8,3670.9,2209923
23-12-2021,3648,3670.5,3630,3662.7,1792861
22-12-2021,3624,3636.8,3606.25,3630.75,1224328
21-12-2021,3582.65,3641.2,3566.4,3608.3,2340989
20-12-2021,3589,3606,3510.15,3556.9,2312310
17-12-2021,3602.5,3651.35,3573.7,3584.35,4333992
16-12-2021,3582,3608.45,3570,3581.6,2072320
15-12-2021,3620,3623,3558.15,3570.35,1603233
14-12-2021,3605,3635,3576.7,3623.8,1747007
13-12-2021,3650,3662,3601.7,3609.65,1883864
10-12-2021,3585,3642,3575.1,3636.8,1510718
09-12-2021,3610,3634.75,3566,3601.75,1567957
08-12-2021,3601,3646.45,3601,3626.9,1428660
07-12-2021,3562.5,3598,3524.3,3584.5,1484458
06-12-2021,3640.45,3658,3522,3536.4,1849642
03-12-2021,3646.45,3665.95,3630.85,3640.45,2486263
02-12-2021,3589.2,3648,3574.1,3642.9,3152938
01-12-2021,3535,3590,3535,3577.8,2102118
30-11-2021,3491,3563.75,3491,3529.15,5588446
29-11-2021,3447.15,3529.35,3406.45,3502,2981745
26-11-2021,3425,3490,3411.9,3446.85,1941251
25-11-2021,3443.9,3463,3434.05,3445.9,1849619
24-11-2021,3472.2,3493.05,3424,3443.3,2161746
23-11-2021,3445,3480.95,3407.8,3464.25,2153461
22-11-2021,3478.4,3515.95,3440.3,3458.4,3167936
18-11-2021,3515.15,3520.85,3451.6,3475.7,2136598
17-11-2021,3550.6,3562.85,3506.4,3521.9,1632914
16-11-2021,3569,3575.55,3542,3556.4,2013204
15-11-2021,3528,3569.6,3528,3553.3,1809157
12-11-2021,3506,3534.15,3485.7,3526.05,1747259
11-11-2021,3480,3510.05,3436,3488.2,1284514
10-11-2021,3498,3519.7,3480.2,3484.3,1516489
09-11-2021,3508,3535,3496,3505.7,1782692
08-11-2021,3548,3548,3481.2,3502.75,2526082
04-11-2021,3512.95,3513.25,3505,3508.65,328991
03-11-2021,3504.2,3519.9,3466.05,3492.25,1537639
02-11-2021,3494,3513.6,3469.75,3484.2,3087414
01-11-2021,3437.95,3487,3412.95,3476.4,2020718
29-10-2021,3400.05,3461,3385.95,3397.75,3960501
28-10-2021,3518,3518,3415,3421.65,2424942
27-10-2021,3483,3511.25,3483,3489.75,2510813
26-10-2021,3494.5,3529,3475,3482.6,3878763
25-10-2021,3503,3514.55,3450,3492.95,2595594
22-10-2021,3560,3561.6,3485,3498.85,2691670
21-10-2021,3604.1,3607.45,3511.25,3532.5,4871211
20-10-2021,3612,3630,3578.3,3608.85,2933693
19-10-2021,3669,3690.1,3625.2,3634.15,3135441
18-10-2021,3603.45,3652.7,3601.45,3647.15,3590107
14-10-2021,3625,3670,3608.2,3611.45,6442299
13-10-2021,3650,3675.45,3645,3655.2,3545655
12-10-2021,3706,3707,3630.6,3652.85,5752877
11-10-2021,3755,3757.5,3660,3685.6,11845402
08-10-2021,3925,3989.9,3900,3935.65,2934339
07-10-2021,3830,3899,3820.05,3892.9,1647233
06-10-2021,3836,3857.45,3795,3810.9,1678154
05-10-2021,3754,3840,3741.6,3833.3,1877966
04-10-2021,3724.8,3783.65,3707.45,3773.3,1356860
01-10-2021,3781.75,3810,3725,3730.2,1578374
30-09-2021,3805,3805,3750.1,3775.55,2252412
29-09-2021,3759.8,3806,3722.15,3791.9,2489161
28-09-2021,3850,3850,3751.25,3779.15,2253075
27-09-2021,3900,3904,3802.9,3836.95,1673362
24-09-2021,3890,3944.4,3855,3871.3,2320754
23-09-2021,3870,3879,3835,3869.25,2003869
22-09-2021,3862.5,3896.85,3852.45,3862.15,1744067
21-09-2021,3858,3871.55,3821.65,3862.95,1568129
20-09-2021,3809,3871,3807.85,3823.5,2002008
17-09-2021,3920,3945,3805,3827.85,6477148
16-09-2021,3930,3981.75,3892.1,3903.3,2946666
15-09-2021,3882.1,3980,3866,3954.55,2461369
14-09-2021,3849.95,3896.5,3825,3885.9,1991188
13-09-2021,3767,3852.4,3767,3845.35,1691473
09-09-2021,3789.7,3808.7,3765,3791.4,1441148
08-09-2021,3810,3815,3756,3774.15,4147175
07-09-2021,3864,3869.95,3808.25,3815.9,1585039
06-09-2021,3849.7,3877.6,3814,3852,1723693
03-09-2021,3825,3856.9,3804.55,3842.05,1746812
02-09-2021,3734,3859.15,3722,3836.75,3403717
01-09-2021,3796,3816.7,3707,3714.95,2643336
31-08-2021,3709.4,3804.1,3703.45,3786.45,3207480
30-08-2021,3715,3740.35,3687.6,3701.3,2033114
27-08-2021,3666,3729.5,3651.1,3720.15,3944728
26-08-2021,3660,3687.6,3647.9,3671.85,1902533
25-08-2021,3610,3697.75,3607.05,3659,2123263
24-08-2021,3657,3667.35,3594.4,3613.2,2511141
23-08-2021,3580,3673,3561.9,3637.4,3744176
20-08-2021,3506,3575,3500,3559.5,2836148
18-08-2021,3573.85,3595,3536.6,3560.55,2631309
17-08-2021,3482.1,3560.8,3463,3553.05,4336019
16-08-2021,3460,3494.35,3436.5,3472.95,2083489
13-08-2021,3360.75,3480,3357.5,3463.4,4363584
12-08-2021,3326,3368,3326,3351.75,1310205
11-08-2021,3350,3360,3327.1,3344.2,1929707
10-08-2021,3315.6,3349.9,3315.6,3333.9,2040777
09-08-2021,3323.9,3337,3310,3322.7,1510489
06-08-2021,3272.55,3324,3265,3309.8,2292362
05-08-2021,3275,3315,3262.5,3283.95,2534521
04-08-2021,3300,3305.2,3261.2,3273.95,2929598
03-08-2021,3229,3290,3218.95,3284.9,3804735
02-08-2021,3180,3224.9,3167,3219.4,2608669
30-07-2021,3219,3223.5,3162.35,3167.45,2999943
29-07-2021,3200.25,3225.45,3190.3,3195.8,1731997
28-07-2021,3188,3204.45,3132.4,3197.8,1660654
27-07-2021,3200,3210,3161.15,3182.95,1121367
26-07-2021,3200,3224.25,3190.85,3197.55,1259611
23-07-2021,3230,3241.55,3206.65,3212.85,1776193
22-07-2021,3190,3224.95,3190,3216.35,2859334
20-07-2021,3184.6,3215,3156.15,3205.8,1811945
19-07-2021,3180,3199.8,3176,3184.6,1597058
16-07-2021,3213,3219.85,3192,3194.8,1256526
15-07-2021,3227.6,3231.85,3194,3202.95,2232968
14-07-2021,3187,3222,3185,3214.55,2044279
13-07-2021,3214,3214,3175,3187.55,1809339
12-07-2021,3235,3236,3188.35,3193.1,1892226
09-07-2021,3250,3282,3201,3208.15,6365067
08-07-2021,3298,3298,3231.9,3258.5,2485811
07-07-2021,3275,3282.7,3241.6,3274.95,2640710
06-07-2021,3313,3328,3256.1,3262.3,2159420
05-07-2021,3342,3374,3302,3321,1972858
02-07-2021,3331,3339.7,3295.2,3325.45,1682274
01-07-2021,3358,3362,3332.35,3341.5,990310
30-06-2021,3346,3382,3338.5,3345.75,1693146
29-06-2021,3342,3366.3,3326.5,3340.85,1497322
28-06-2021,3391.5,3391.5,3333,3336.75,1355238
25-06-2021,3375.25,3399.65,3350,3380.8,2722861
24-06-2021,3284,3383,3278.5,3373.6,4155204
23-06-2021,3329,3329,3256.4,3261.4,1467104
22-06-2021,3304,3327.05,3285,3301.2,1708688
21-06-2021,3265,3286,3251.7,3273.1,1130569
18-06-2021,3350.9,3358,3275,3297.3,3380431
17-06-2021,3265.5,3336.05,3260,3317.75,2273413
16-06-2021,3262.1,3294.7,3253,3274.35,1635552
15-06-2021,3298,3298,3251.55,3262.75,1304985
14-06-2021,3279,3308.7,3270.35,3276.35,1847360
11-06-2021,3211.55,3309,3211,3273.8,3452954
10-06-2021,3210,3224,3193,3216.8,1874324
09-06-2021,3202,3220,3186.2,3200.25,1710925
08-06-2021,3198,3231,3187.2,3200.15,2574057
07-06-2021,3145,3190.45,3133.6,3183.2,2559821
04-06-2021,3128,3156.85,3125,3143.75,1836060
03-06-2021,3154.55,3154.55,3122.65,3141.25,1281706
02-06-2021,3150.85,3159.45,3115,3129.45,2240078
01-06-2021,3168.6,3169.95,3132,3153,1377441
31-05-2021,3150,3170.35,3128.6,3159.15,1652799
28-05-2021,3189.5,3198,3135.65,3143.6,1763701
27-05-2021,3161.95,3217.75,3161.8,3180,5959785
26-05-2021,3120,3165,3103.8,3158.5,1923753
25-05-2021,3092,3128.25,3082.1,3114,1841613
24-05-2021,3081.5,3105,3072,3081.5,1652260
21-05-2021,3061,3088.2,3055.1,3080.5,1685566
20-05-2021,3067.1,3088.8,3052.1,3060,2329027
19-05-2021,3084,3118,3067.1,3082,1986041
18-05-2021,3100,3124,3078,3088.8,2098538
17-05-2021,3055,3075.2,3036,3069.75,2890462
14-05-2021,3098.5,3098.5,3040,3051.5,2043935
12-05-2021,3120,3120,3070.6,3087.6,1978558
11-05-2021,3125,3128.1,3091.15,3122.6,2415625
10-05-2021,3145.95,3164.2,3125,3145.5,2137153
07-05-2021,3133,3159.85,3111.8,3132.9,1912540
06-05-2021,3105.5,3134,3074,3111.45,1791671
05-05-2021,3070,3099.4,3052.4,3095.7,1939289
04-05-2021,3062.8,3090,3035,3049.75,1990777
03-05-2021,3024.9,3055,3004,3037,1545831
30-04-2021,3099,3132.05,3020,3035.65,3072305
29-04-2021,3145.6,3157.35,3105.5,3115.25,1621395
28-04-2021,3149.95,3151,3112,3124.1,1639037
27-04-2021,3106,3136.1,3103,3132,1471417
26-04-2021,3102.05,3153,3088.05,3100.8,2490260
23-04-2021,3105,3119,3091.05,3109.5,1615309
22-04-2021,3148,3148,3105.25,3118.8,1988980
20-04-2021,3225,3225.35,3126.35,3144.55,3141893
19-04-2021,3169,3189,3135.1,3161.8,2679106
16-04-2021,3229,3247,3182.6,3195.15,3224657
15-04-2021,3160.3,3237.25,3087.45,3218.95,6062760
13-04-2021,3214,3214,3073.05,3104.05,8654596
12-04-2021,3322.25,3338.1,3213.2,3246.55,3791828
09-04-2021,3354,3354.35,3308,3322.25,2911129
08-04-2021,3270,3335,3266.05,3317.35,2578118
07-04-2021,3259,3277.55,3234.8,3271.4,2491268
06-04-2021,3275,3275,3230,3264.7,2291562
05-04-2021,3171,3263,3151,3238.9,5317862
01-04-2021,3191.1,3215,3145,3165,4285076
31-03-2021,3155,3205,3132,3177.85,3530069
30-03-2021,3083,3188.45,3060.9,3158.55,4694261
26-03-2021,3090.65,3118,3043.05,3066.8,3697370
25-03-2021,3112.2,3130.85,3050,3064.85,3179786
24-03-2021,3111.2,3152.3,3111.15,3121.1,2207104
23-03-2021,3140,3169,3122.85,3142.6,3305973
22-03-2021,3048.7,3139.45,3018.65,3129.65,2821646
19-03-2021,3030,3099,3005,3050.2,5776626
18-03-2021,3125.95,3146.45,2987.05,3036.5,3656306
17-03-2021,3105,3155,3085.3,3112.95,3838390
16-03-2021,3060,3141,3060,3110.05,4894756
15-03-2021,3041,3099,3041,3066.15,3097140
12-03-2021,3075,3117,3041.35,3057.95,2938317
10-03-2021,3075,3093.2,3060,3070.95,3053778
09-03-2021,3006.95,3066.9,2992.1,3050.95,1942397
08-03-2021,3016,3033,2996,3006.95,2003125
05-03-2021,3016.1,3063.2,2996.6,3008.05,3203686
04-03-2021,3023,3081.45,3016.05,3049.7,3916760
03-03-2021,3035,3064,2996.9,3059.1,3509857
02-03-2021,2960,3025,2948,3006.35,3306469
01-03-2021,2926,2965,2901.8,2924.2,3265871
26-02-2021,2960,2972.35,2880,2894.3,5553153
25-02-2021,2974,3029.9,2968.45,2995.3,4224073
24-02-2021,2972,3003.35,2921.15,2948.1,3774549
23-02-2021,2970,3028,2968,2980.2,3832829
22-02-2021,3096,3096,2943.15,2958.45,5366696
19-02-2021,3058,3087.15,3016.15,3071.85,3725028
18-02-2021,3065,3097.9,3031,3057.35,4189909
17-02-2021,3105.1,3132.85,3045.55,3073.1,3678426
16-02-2021,3150,3167.65,3100,3108.8,3435770
15-02-2021,3209,3209,3131.55,3139.85,2630853
12-02-2021,3184.2,3245.5,3182,3190.8,2777404
11-02-2021,3215,3219.3,3185.05,3206,1165882
10-02-2021,3185,3219.4,3157.3,3213.3,2127983
09-02-2021,3195,3245.8,3164,3176.9,2658751
08-02-2021,3189.5,3226,3155.15,3214.1,2526592
05-02-2021,3198.95,3205.85,3129,3157.95,2366135
04-02-2021,3216.05,3237.85,3176,3188.45,2057261
03-02-2021,3213,3236,3162.65,3200.05,2505866
02-02-2021,3174,3224,3150,3203.45,2881837
01-02-2021,3100,3165,3044.1,3139.35,3985846
29-01-2021,3210.05,3216.85,3100,3111.35,5445659
28-01-2021,3230,3275,3183.8,3196.55,3083938
27-01-2021,3300,3306.45,3227,3261.05,2786662
25-01-2021,3308.95,3339.8,3278.65,3291.3,2272887
22-01-2021,3241.9,3325,3241.9,3303.1,3052459
21-01-2021,3305,3309.15,3262.1,3273.85,2778546
20-01-2021,3270,3327.95,3267.1,3308.8,3453446
19-01-2021,3233,3279,3232,3260.7,2975735
18-01-2021,3250,3256.75,3187.4,3221.75,4160906
15-01-2021,3235,3274,3210,3233.35,4131692
14-01-2021,3155,3266.5,3120.4,3250.7,6931542
13-01-2021,3175,3177,3126.25,3158.95,3572801
12-01-2021,3176.45,3210,3150,3174.85,3611458
11-01-2021,3230,3230,3146.55,3176.45,9508039
08-01-2021,3090,3128,3060,3120.9,5879039
07-01-2021,3075,3080.85,3000.25,3032.8,3717827
06-01-2021,3100,3113.5,3037.2,3051.5,3726716
05-01-2021,3039.6,3114.25,3039.6,3093,5801309
04-01-2021,2950,3050.75,2940.95,3039.45,5113293
01-01-2021,2880,2940,2879,2928.25,2681440
31-12-2020,2900,2905,2845,2862.75,4040956
30-12-2020,2934.4,2947.7,2902,2909.3,2637968
29-12-2020,2920,2952,2920,2930.5,1994151
28-12-2020,2910,2949.7,2902,2929.4,2108994
24-12-2020,2909,2921.35,2883.2,2909.35,1807144
23-12-2020,2876.05,2919,2865.45,2908.75,2790988
22-12-2020,2834,2883.65,2818.65,2872.5,2881737
21-12-2020,2861,2886.5,2785,2820.15,2705195
18-12-2020,2868,2898,2846.2,2861,6076692
17-12-2020,2811,2853.7,2805,2838.2,2863460
16-12-2020,2779,2819.8,2760.45,2814.2,2565149
15-12-2020,2786,2794.7,2755,2761.55,2365509
14-12-2020,2802,2804,2756.25,2797.7,2483658
11-12-2020,2792.7,2807.7,2764.55,2783.6,1795408
10-12-2020,2818,2827.3,2780.25,2784.3,2127801
09-12-2020,2815,2840,2793.15,2810.8,3659996
08-12-2020,2740,2805.55,2732.45,2797.3,4277818
07-12-2020,2715,2744,2706.15,2737.7,1996400
04-12-2020,2710.8,2738.85,2699,2727.55,2686527
03-12-2020,2773.9,2773.9,2700.8,2709.45,2852548
02-12-2020,2719,2754.7,2702.45,2749.55,2509032
01-12-2020,2679,2735.9,2624.45,2726.8,3605017
27-11-2020,2705,2717.7,2669.05,2679.65,6086808
26-11-2020,2686,2730.95,2680,2720.6,2341099
25-11-2020,2729,2732.95,2688.2,2701.3,3302249
24-11-2020,2734.4,2743,2705,2722.05,3120516
23-11-2020,2690,2730,2665,2724.25,3706418
20-11-2020,2655,2676,2627.55,2660.25,2711471
19-11-2020,2637,2676.15,2630.85,2636.9,4167501
18-11-2020,2661,2664.2,2607.05,2626.65,2893762
17-11-2020,2695,2695,2650.05,2666.05,2827273
14-11-2020,2677.95,2689,2660.05,2670.35,298819
13-11-2020,2655.75,2664.9,2636,2656.85,2548093
12-11-2020,2686,2713,2661.75,2671.05,2437505
11-11-2020,2667.95,2692.8,2643.4,2687.8,3242441
10-11-2020,2697.2,2713.15,2638.35,2649.6,4760020
09-11-2020,2731.1,2744,2695.1,2726.6,3646592
06-11-2020,2699,2713.25,2681.3,2707.45,3884421
05-11-2020,2685,2710,2667,2685.7,2816502
04-11-2020,2610,2721.85,2610,2653.15,4893928
03-11-2020,2604,2665,2601.05,2633.6,2879269
02-11-2020,2660,2664.85,2600.05,2604.6,2571196
30-10-2020,2636.1,2674.35,2621.6,2664.85,3427003
29-10-2020,2608,2655,2600.25,2632.65,3105970
28-10-2020,2650,2655.95,2606,2622.2,3569515
27-10-2020,2699.75,2718.15,2624.1,2630.15,3537594
26-10-2020,2689.95,2709.95,2670.5,2688.2,2672766
23-10-2020,2687.8,2702,2670.1,2686.8,3499372
22-10-2020,2661,2686.65,2638.1,2671.15,5262311
21-10-2020,2739,2749,2663.05,2675.4,4570175
20-10-2020,2725,2759.9,2717.95,2739,3406298
19-10-2020,2774,2774,2706.6,2711.55,3331194
16-10-2020,2750.1,2771.65,2731.3,2763.3,5273773
15-10-2020,2811,2827.75,2727,2740.6,6629395
14-10-2020,2842,2842,2787.55,2809.6,4395979
13-10-2020,2845,2854.9,2812.2,2826.55,4209905
12-10-2020,2815.5,2854,2800.75,2830,4623211
09-10-2020,2810,2829.85,2780,2812.95,7739375
08-10-2020,2800,2885,2800,2825.7,19839826
07-10-2020,2742,2770,2703,2735.95,9656167
06-10-2020,2736,2736,2650.1,2714.3,9846376
05-10-2020,2620,2728.1,2603.05,2705.8,17412119
01-10-2020,2510,2540,2492.3,2523.45,2610338
30-09-2020,2489,2505,2460,2492.3,3917186
29-09-2020,2434.85,2511.05,2426.3,2488.4,6995815
28-09-2020,2440,2444,2366,2426.3,4347177
25-09-2020,2368,2440,2352.1,2422.3,8228297
24-09-2020,2450,2450,2302.6,2332.25,8425118
23-09-2020,2510,2519.85,2409,2467.45,7503152
22-09-2020,2485,2555,2458,2522.95,7499927
21-09-2020,2465,2504.9,2452.15,2465.3,4598809
18-09-2020,2485,2500.4,2436.4,2449.9,4183256
17-09-2020,2480,2495.75,2450.6,2460.95,4828231
16-09-2020,2488.95,2507.6,2477.3,2503,3074013
15-09-2020,2491.4,2538,2464.6,2491.4,7318773
14-09-2020,2384.1,2505.75,2381.85,2491.4,7512284
11-09-2020,2330.95,2383,2330.15,2374.1,4145429
10-09-2020,2335,2348.5,2324.3,2331.15,2308813
09-09-2020,2325,2359,2320,2327.65,3866542
08-09-2020,2335.95,2390.45,2327.05,2348.2,7454161
07-09-2020,2289,2343.5,2283.35,2327.05,4620416
04-09-2020,2275,2324.25,2262.95,2288.8,5232180
03-09-2020,2268,2324,2268,2299.5,4654146
02-09-2020,2247,2268.75,2241.65,2265.15,2084152
01-09-2020,2269,2278,2241.3,2246.35,3610908
31-08-2020,2240,2276.2,2228,2257.25,6018160
28-08-2020,2268.4,2279.95,2235.1,2238.55,2941156
27-08-2020,2266,2287.35,2241.75,2248.4,3579397
26-08-2020,2242,2259.9,2216.45,2253.5,2618159
25-08-2020,2245,2250,2233.55,2242.65,1663454
24-08-2020,2250.6,2259.95,2230,2248.1,2167987
21-08-2020,2260,2271,2241.05,2248.6,1975304
20-08-2020,2257,2276.55,2240.05,2252.85,2895265
19-08-2020,2276.35,2284.6,2252.5,2256.6,2843007
18-08-2020,2262.8,2289,2248.3,2269.75,3493411
17-08-2020,2263,2270,2238.25,2253.4,2625670
14-08-2020,2277,2281.3,2233.1,2242.15,2270405
13-08-2020,2273,2300,2250.5,2254.45,2695682
12-08-2020,2288.35,2296.4,2246.55,2257.35,3415766
11-08-2020,2283,2312,2275.6,2279.9,2774509
10-08-2020,2318,2325,2276.05,2282.8,2929385
07-08-2020,2308,2328,2287,2295.35,3165495
06-08-2020,2275,2319.5,2265.35,2308.1,4748348
05-08-2020,2260,2300,2253,2259.5,3800641
04-08-2020,2259.95,2269.65,2225.05,2249.7,2927953
03-08-2020,2290.45,2303.85,2230.7,2254.15,4012445
31-07-2020,2303.15,2334.8,2257.45,2281.4,4723290
30-07-2020,2285.9,2358,2272.25,2279.5,7098913
29-07-2020,2292,2342,2246.05,2276.05,6090440
28-07-2020,2215,2320,2215,2309.75,8092458
27-07-2020,2165,2215,2163.5,2206.8,4248837
24-07-2020,2154.5,2163,2125.1,2157.4,3665123
23-07-2020,2190.95,2190.95,2163,2171.2,2265791
22-07-2020,2231,2231,2184.2,2190.95,2861698
21-07-2020,2230,2238.65,2201.15,2225.05,2665386
20-07-2020,2201,2226.9,2190.8,2207.9,2952719
17-07-2020,2237,2243.9,2190.05,2200.75,4509143
16-07-2020,2244,2333,2220.1,2234.75,8582120
15-07-2020,2185,2260,2181.1,2233.9,5569322
14-07-2020,2210,2239,2165,2171.95,2976749
13-07-2020,2220,2244.95,2210,2220,2963525
10-07-2020,2205.25,2249.85,2176,2222.35,9610327
09-07-2020,2229,2244.5,2191.05,2204.35,3443998
08-07-2020,2270,2274.4,2207.6,2218.9,2793674
07-07-2020,2275,2302.7,2232.15,2269.9,5630081
06-07-2020,2205,2269.9,2205,2263.2,5190366
03-07-2020,2163.65,2205,2160.25,2199.65,4185215
02-07-2020,2102,2165,2098,2157.15,3758709
01-07-2020,2079.7,2113.95,2079.5,2092.05,2503466
30-06-2020,2100,2111.9,2075.05,2082.15,3071877
29-06-2020,2108,2127.6,2091.3,2101.65,3076344
26-06-2020,2025,2132,2019.95,2118.85,6300912
25-06-2020,2035,2060,2009.25,2016.1,3044089
24-06-2020,2034,2064.25,2031.6,2042.2,2560951
23-06-2020,2027,2044,2010,2035.3,4206122
22-06-2020,2050,2052.25,2019.15,2027.95,3196138
19-06-2020,2042,2090,2032,2044.6,5681784
18-06-2020,2045,2059.2,2025.2,2038.1,1944471
17-06-2020,2046,2058.85,2026.55,2047.8,2703546
16-06-2020,2065,2073.95,2031,2045.8,2146528
15-06-2020,2039.1,2059,2000.95,2029.9,2399028
12-06-2020,2011.2,2049.2,2011,2039.5,2842757
11-06-2020,2100,2105,2061.8,2067.65,2269569
10-06-2020,2077.05,2132,2073.5,2108.75,5168494
09-06-2020,2063.1,2095.5,2060.25,2072.05,2910152
08-06-2020,2078.25,2095,2062.1,2071.75,2957841
05-06-2020,2091.6,2098,2040.3,2048.25,3573299
04-06-2020,2046.75,2100,2046.75,2091.55,4048593
03-06-2020,2051.85,2063.75,2020,2046.15,3699799
02-06-2020,2060.2,2081,2040.05,2047.15,2443886
01-06-2020,1990,2060,1981.1,2045.25,3747850
29-05-2020,1982,2002.65,1962.4,1972.35,7237765
28-05-2020,1988.5,2014,1971.3,2004.3,3475788
27-05-2020,1959,2010,1941.25,2005.3,3482185
26-05-2020,2015,2024,1925,1943,4575512
22-05-2020,1977.1,2032,1961.25,2020.35,3663422
21-05-2020,1946,1998,1941.15,1991.2,3400925
20-05-2020,1950,1962.9,1931.7,1953.6,2778505
19-05-2020,1903,1966.45,1903,1948.65,3198699
18-05-2020,1907,1952.95,1872.1,1945.6,3727896
15-05-2020,1916,1917.4,1865.2,1892.9,3173682
14-05-2020,1910,1923.1,1891.1,1902.35,2263204
13-05-2020,1994,1994,1925.65,1949.65,2656665
12-05-2020,1933.4,1956.5,1910.25,1949.5,3256630
11-05-2020,1909,1951.4,1909,1935.3,2449846
08-05-2020,1939.1,1939.5,1886.25,1893.4,2686536
07-05-2020,1910,1934.45,1883.35,1891.65,3166784
06-05-2020,1939.8,1953.7,1893.6,1903.6,3517432
05-05-2020,1955.1,1977,1927,1932.75,2905541
04-05-2020,1966,1966,1913.65,1930.45,3729409
30-04-2020,1980,2032,1942.2,2014.45,5915950
29-04-2020,1874,1912.55,1850.05,1905.65,4241579
28-04-2020,1865,1868,1832.6,1859.05,2678512
27-04-2020,1832.3,1875,1825,1836.6,3374747
24-04-2020,1840.7,1851.95,1807.8,1818.55,2987150
23-04-2020,1780,1900,1760.85,1878.25,5934424
22-04-2020,1737.65,1790,1719.15,1769.5,3829839
21-04-2020,1765,1794.6,1727.7,1737.65,5122606
20-04-2020,1830,1830,1802.5,1818.65,3244293
17-04-2020,1800,1851.95,1753,1806.2,9895825
16-04-2020,1709.95,1764.9,1675.05,1716.05,6245583
15-04-2020,1785,1812,1727.8,1735.15,4761401
13-04-2020,1761,1787,1746,1759.25,2990478
09-04-2020,1750.45,1778.8,1731.2,1766.15,5307649
08-04-2020,1760,1806,1701,1705.45,6285616
07-04-2020,1710,1785.85,1705,1775.2,5427965
03-04-2020,1740,1740,1650,1654.2,5735529
01-04-2020,1825.9,1834.75,1702,1708.75,4941898
31-03-2020,1837.4,1855,1780,1826.1,3927593
30-03-2020,1766,1905,1763.55,1778.5,8513608
27-03-2020,1820,1850,1750.4,1824.5,4331310
26-03-2020,1831.6,1832.05,1722.55,1790.95,4556071
25-03-2020,1700,1810,1680,1750.3,2765527
24-03-2020,1653.05,1770,1632.85,1703.15,6354209
23-03-2020,1620,1750,1617.75,1669.7,7003558
20-03-2020,1630,1869,1627,1797.45,8547645
19-03-2020,1559.7,1685.45,1546.75,1636.35,5135162
18-03-2020,1676.8,1713.55,1627.75,1654.4,7259111
17-03-2020,1730,1731,1623.15,1658,5713269
16-03-2020,1755,1842.25,1675.85,1696.4,7844420
13-03-2020,1687.9,1820,1506.05,1806.3,8029725
12-03-2020,1904,1908.4,1758.35,1769.85,8728972
11-03-2020,1933,1987.3,1920,1953.7,6796752
09-03-2020,2075,2079.9,1935,1972.35,4940982
06-03-2020,2098,2123.65,2071.6,2116.45,2595027
05-03-2020,2085.7,2147.75,2084.05,2125.05,3937056
04-03-2020,2056,2094.45,2025,2083.2,3237002
03-03-2020,2020,2060,2012,2036.2,2757585
02-03-2020,2035,2053.95,1985.7,2001.3,2667076
28-02-2020,2068,2069.5,1990,2000.15,4298076
27-02-2020,2119.95,2119.95,2086.2,2105.5,2349001
26-02-2020,2154,2163.9,2112.95,2123.6,2686842
25-02-2020,2115.5,2176.65,2111,2156.15,2674567
24-02-2020,2156,2178.95,2106.7,2115.35,3092877
20-02-2020,2204.5,2214.4,2151.25,2156.8,2317278
19-02-2020,2215.75,2230,2190.5,2196.35,1760463
18-02-2020,2199.95,2221,2186.05,2215.75,2486223
17-02-2020,2196.95,2217,2190.2,2203.25,1774724
14-02-2020,2188,2212,2171,2184.2,1500115
13-02-2020,2172.95,2197,2171,2191.95,1645948
12-02-2020,2151.1,2185,2150,2170.75,1620407
11-02-2020,2163,2174.8,2147.6,2153.4,1335820
10-02-2020,2140.9,2167,2119,2161.95,2383032
07-02-2020,2139,2151,2119,2136.55,2083442
06-02-2020,2145,2174.2,2115.5,2128.35,2640065
05-02-2020,2115,2156.7,2104.3,2146.55,2439322
04-02-2020,2129,2136.7,2086.6,2107.75,3509339
03-02-2020,2152,2194.7,2093.2,2102.5,4728073
01-02-2020,2079.5,2180.7,2063.6,2164.85,3319716
31-01-2020,2139.4,2144.35,2071.6,2079.05,3287223
30-01-2020,2160,2165,2125,2137.85,2098567
29-01-2020,2185,2186.95,2150,2154.6,2306761
28-01-2020,2174,2187.8,2152,2183.75,1743024
27-01-2020,2189.7,2193.45,2165,2169.25,1549101
24-01-2020,2190.95,2190.95,2170,2183.4,1319430
23-01-2020,2209.8,2217.75,2183.7,2190.95,2069866
22-01-2020,2181,2210,2173.7,2206.9,1773686
21-01-2020,2169.95,2186.55,2158.05,2171.05,1902980
20-01-2020,2194.9,2242.2,2156.2,2170.35,5817599
17-01-2020,2240.75,2253.55,2213,2219.1,3281059
16-01-2020,2226.95,2249,2215,2238.8,3117214
15-01-2020,2213,2231,2194.2,2226.9,2620681
14-01-2020,2195,2229.8,2195,2206.9,2948452
13-01-2020,2217.85,2218.95,2184.7,2190.35,2843893
10-01-2020,2228,2234,2208,2213.55,1915807
09-01-2020,2248.75,2251.95,2210,2214.35,3734173
08-01-2020,2205,2260,2202.05,2255.25,5197454
07-01-2020,2200.5,2214.65,2183.8,2205.85,2429317
06-01-2020,2205,2225.95,2187.9,2200.45,3023209
03-01-2020,2164,2223,2164,2200.65,4655761
02-01-2020,2179.95,2179.95,2149.2,2157.65,2380752
01-01-2020,2168,2183.9,2154,2167.6,1354908
31-12-2019,2185.25,2196.8,2158.3,2161.3,39005
30-12-2019,2202,2224.55,2176.5,2182.9,49371
27-12-2019,2210,2214.6,2178.35,2198.15,60961
26-12-2019,2219,2227.9,2197.1,2201.05,49606
24-12-2019,2244.95,2244.95,2210.9,2215.05,39616
23-12-2019,2217,2241.4,2211.6,2232.45,53150
20-12-2019,2225,2246.15,2209.4,2222.55,139678
19-12-2019,2165.15,2235.85,2165,2228.65,170417
18-12-2019,2172,2203.6,2152.35,2167.25,189902
17-12-2019,2130,2169,2119.25,2165.65,194169
16-12-2019,2095,2135.7,2080.95,2127.55,184800
13-12-2019,2023,2076.45,2007.4,2071.7,197206
12-12-2019,2047,2083.35,1983.85,2016.75,192895
11-12-2019,2021.05,2047,2007.95,2041.2,239416
10-12-2019,2063.4,2063.55,2005,2012.5,148258
09-12-2019,2110,2128.15,2054.05,2060.7,89534
06-12-2019,2130,2130,2101,2122.95,184863
05-12-2019,2065,2126,2065,2121.5,251530
04-12-2019,2045,2081.85,2045,2079,269706
03-12-2019,2025.1,2061.8,2011,2050.4,792810
02-12-2019,2060,2079,2017,2020.95,191856
29-11-2019,2085,2085,2046,2052.7,104712
28-11-2019,2069.8,2093.95,2061.3,2077.35,93915
27-11-2019,2048.15,2071,2047.55,2053.45,97304
26-11-2019,2090,2097.9,2036,2046.9,142885
25-11-2019,2082,2085.7,2053.2,2080.2,126304
22-11-2019,2110,2110,2061,2070.55,146157
21-11-2019,2110,2126.75,2108.15,2117.05,74769
20-11-2019,2116.1,2135.8,2095.1,2108,76522
19-11-2019,2152,2153.95,2105.1,2108.3,100949
18-11-2019,2187,2187.65,2148.15,2151.75,406587
15-11-2019,2199,2211,2168.55,2174.8,70965
14-11-2019,2181,2199.55,2145.35,2195.6,106873
13-11-2019,2110.2,2182,2110.2,2178.55,135698
11-11-2019,2144,2144,2091.3,2099.7,142808
08-11-2019,2185.5,2188.25,2124.75,2129.95,110688
07-11-2019,2196.1,2203.85,2176.05,2185.5,44386
06-11-2019,2201.6,2210.8,2178.95,2188.4,57283
05-11-2019,2192,2211.9,2169.1,2201.6,58756
04-11-2019,2224.9,2229.7,2181.55,2193.8,134752
01-11-2019,2270,2274.2,2195.5,2202.05,109603
31-10-2019,2250,2285.5,2238,2270.2,118046
30-10-2019,2217,2260,2176.75,2253.65,152519
29-10-2019,2116.6,2200.95,2116.6,2196,157630
27-10-2019,2130.5,2133.9,2110,2116.6,13696
25-10-2019,2088,2129.5,2075,2125.05,108564
24-10-2019,2075.1,2099,2062,2082.2,149770
23-10-2019,2065,2084,2052.6,2075.25,60167
22-10-2019,2081,2109.95,2040.45,2051.65,119818
18-10-2019,2038,2064,2025.1,2057.35,85260
17-10-2019,2015,2037.8,2001,2030.7,131597
16-10-2019,2039,2056,2016.5,2045.85,81105
15-10-2019,2028.8,2046.9,2024.2,2037.4,137747
14-10-2019,2000,2031.9,1969,2020.95,113276
11-10-2019,1933,1994.4,1929,1987.05,477346
10-10-2019,2028,2039,1998.85,2004.4,219994
09-10-2019,2052.85,2056.7,2015.8,2020.65,87599
07-10-2019,2080,2094.8,2041.05,2052.85,95756
04-10-2019,2079.7,2087,2054.75,2078.65,44798
03-10-2019,2070,2081.05,2047,2058.85,82996
01-10-2019,2099.5,2099.55,2040.3,2059.7,76242
30-09-2019,2060.1,2103.9,2060.1,2099.2,113250
27-09-2019,2087,2087,2053,2056.7,84102
26-09-2019,2091,2106.95,2063,2087.65,97699
25-09-2019,2057,2092.05,2057,2087.8,167063
24-09-2019,2015,2062.35,2013.7,2044.3,233358
23-09-2019,2085,2089,1975,2014.75,470064
20-09-2019,2102.5,2129.25,2055.6,2065.6,261727
19-09-2019,2138.85,2138.9,2091.55,2102.15,74797
18-09-2019,2115,2143.75,2114.3,2138.25,81032
17-09-2019,2154,2155.85,2107,2121.35,120315
16-09-2019,2150.35,2173.5,2127.3,2149.15,96788
13-09-2019,2138,2157.9,2116.2,2141.35,113836
12-09-2019,2154,2164.95,2120.65,2133.85,77824
11-09-2019,2192,2200,2147.05,2153.95,83914
09-09-2019,2203,2203,2180,2183.3,48168
06-09-2019,2215,2231.7,2190.85,2197.65,56482
05-09-2019,2246.65,2253.1,2208,2215.8,54328
04-09-2019,2269.7,2269.9,2234,2246.1,44608
03-09-2019,2259,2296,2237.15,2252.25,69973
30-08-2019,2236.05,2266.1,2218,2258.05,56766
29-08-2019,2239,2248,2222.05,2233.3,31047
28-08-2019,2242,2251.1,2216.05,2239.65,38316
27-08-2019,2270,2273,2229,2237,203658
26-08-2019,2254,2280,2225.2,2275.1,78887
23-08-2019,2221.5,2260,2212.75,2247.55,83246
22-08-2019,2186.05,2235,2171,2214.9,67488
21-08-2019,2187,2202.5,2180.95,2185.85,64591
20-08-2019,2168.5,2205.7,2168,2187.15,294610
19-08-2019,2167,2185,2158.2,2163.55,45987
16-08-2019,2233,2237,2145.9,2163.5,168125
14-08-2019,2182,2217.8,2168.8,2204.65,254492
13-08-2019,2250.2,2250.2,2195,2200.2,78148
09-08-2019,2270,2270,2242,2245.6,47328
08-08-2019,2222,2280.85,2220,2258.85,91474
07-08-2019,2220,2238.5,2208.4,2214,59921
06-08-2019,2232,2251.75,2211.55,2215.45,66361
05-08-2019,2185,2250.4,2185,2248.55,105681
02-08-2019,2179.9,2210,2166.4,2206.05,192986
01-08-2019,2206,2217,2166.85,2179.9,59288
31-07-2019,2175,2210.95,2148.3,2205.4,73304
30-07-2019,2125,2184.7,2121,2179,81306
29-07-2019,2111,2141.75,2103.6,2129.5,64054
26-07-2019,2111,2130.1,2096,2108.8,43813
25-07-2019,2115,2134.8,2094,2128.3,60682
24-07-2019,2115,2120.65,2076.6,2096.7,91060
23-07-2019,2127.8,2128.95,2102.95,2111.8,90107
22-07-2019,2080,2117,2068.85,2109.7,72161
19-07-2019,2095,2096.75,2064,2076.95,89018
18-07-2019,2115,2115,2060,2065.6,95604
17-07-2019,2106,2125,2092.55,2117.15,94758
16-07-2019,2131.65,2131.65,2100.3,2105.3,137617
15-07-2019,2120,2153,2099,2145.2,74130
12-07-2019,2108.5,2118,2094.05,2107.95,59397
11-07-2019,2124.6,2128.1,2087.05,2101.45,102758
10-07-2019,2081,2127.65,2070.1,2107.7,264565
09-07-2019,2170.5,2175,2090,2131.45,1132727
08-07-2019,2159,2184,2131,2176.1,131169
05-07-2019,2241,2250,2139,2161.65,1222990
04-07-2019,2237.3,2251.8,2232,2242.6,55390
03-07-2019,2259.9,2259.9,2232.5,2237.2,59889
02-07-2019,2240,2257.35,2216.2,2252.75,98136
01-07-2019,2239.65,2255,2207.65,2239.7,106178
28-06-2019,2255,2261.25,2222.95,2227.25,99596
27-06-2019,2256.4,2264.8,2242.3,2252.65,41248
26-06-2019,2272.9,2272.9,2251.1,2253.7,67735
25-06-2019,2277,2277,2250.9,2266.75,62663
24-06-2019,2250,2279.9,2250,2275,83606
21-06-2019,2280,2290.65,2242.05,2249.95,115557
20-06-2019,2230,2285,2214.05,2279,133605
19-06-2019,2253,2275,2244.4,2259.9,100800
18-06-2019,2249.8,2260,2232,2251.7,84866
17-06-2019,2259.9,2262.8,2240.05,2245.6,107409
14-06-2019,2255,2262.55,2236.4,2252.3,102702
13-06-2019,2257,2285.05,2241.3,2250.25,160534
12-06-2019,2249,2267,2219.5,2258.45,71366
11-06-2019,2237.9,2263,2233,2252.85,121513
10-06-2019,2194.9,2234.95,2189.25,2231.1,94323
07-06-2019,2177,2189,2145.2,2178.95,84031
06-06-2019,2199,2199,2151.45,2167.4,125991
04-06-2019,2226,2226,2175,2182.45,111042
03-06-2019,2207.8,2248,2186,2240.35,292099
31-05-2019,2159.95,2205,2155,2196.85,165501
30-05-2019,2120,2153.4,2116.4,2145.4,170973
29-05-2019,2071,2121.75,2071,2105.25,199565
28-05-2019,2060,2097.45,2047.25,2075,212368
27-05-2019,2060,2067.75,2040.4,2053.8,222227
24-05-2019,2074,2074,2034,2049.65,102735
23-05-2019,2100,2115.1,2049,2053.75,167233
22-05-2019,2114,2121.6,2076.7,2082.75,122238
21-05-2019,2145,2149.95,2101.6,2109.2,87743
20-05-2019,2126,2145,2050.25,2139.3,131596
17-05-2019,2120.6,2134.95,2088.95,2096.35,96029
16-05-2019,2096,2123.4,2078.05,2109.45,85235
15-05-2019,2105,2125.55,2084.6,2094.5,122743
14-05-2019,2137.5,2158.2,2074.5,2094.35,107390
13-05-2019,2140,2167,2122.85,2131.1,154027
10-05-2019,2174.35,2193.6,2125,2135.55,105470
09-05-2019,2145,2182,2138,2168.7,80051
08-05-2019,2158,2167.75,2130.2,2152.65,59590
07-05-2019,2155,2185,2140.1,2150.35,107919
06-05-2019,2113,2165,2104.55,2154.7,123793
03-05-2019,2191,2191,2125.15,2132.5,167475
02-05-2019,2260,2260,2209.45,2214.4,67719
30-04-2019,2230,2265,2230,2254.95,125430
26-04-2019,2200,2244.55,2193.75,2238.3,149597
25-04-2019,2169,2199,2169,2191.7,97687
24-04-2019,2157.7,2195,2155.4,2185.45,114028
23-04-2019,2166,2167.6,2135.1,2157.7,74839
22-04-2019,2148,2175.95,2147.25,2164.35,186485
18-04-2019,2141,2150.05,2116.3,2145.5,88311
16-04-2019,2116,2153.8,2116,2132.45,237129
15-04-2019,2071,2115,2041.05,2110.05,397080
12-04-2019,2040,2040,2008.05,2013.75,164813
11-04-2019,2048,2055.3,2012.35,2019.05,133391
10-04-2019,2098.6,2098.6,2038.55,2043.8,108591
09-04-2019,2074.7,2096.1,2057,2088.1,124591
08-04-2019,2060,2078,2033.55,2069.75,112239
05-04-2019,2029.7,2058.95,2020,2051.45,152384
04-04-2019,2080,2080.75,2006,2014.3,150806
03-04-2019,2089.8,2089.8,2060,2080.25,126061
02-04-2019,2040,2084,2035.55,2079.5,156214
01-04-2019,2010,2040,2009.25,2031.3,532795
29-03-2019,2017.9,2024.9,1986.75,2000.4,148516
28-03-2019,1978,2010.95,1972.4,2000.45,204930
27-03-2019,1985,1998.25,1961,1968.2,125014
26-03-2019,1985,1994,1959,1981.8,133616
25-03-2019,2007,2010,1979.3,1986.9,535545
22-03-2019,2015.5,2015.5,1985.5,2004.65,151043
20-03-2019,2025,2044.6,2002,2015.5,154786
19-03-2019,2026,2030,1996.4,2024.7,82270
18-03-2019,2045,2062.9,2012,2021.3,108133
15-03-2019,1993,2069,1993,2040.2,184492
14-03-2019,2009,2009,1982.3,1988.6,47407
13-03-2019,2006.1,2015.15,1978.6,2001.15,91421
12-03-2019,2018,2024.9,2003.35,2012.55,55412
11-03-2019,2022.7,2032.8,2005.5,2014.1,52839
08-03-2019,2029,2032.6,2010.05,2022.3,96587
07-03-2019,2000.5,2021,2000.5,2011.5,70885
06-03-2019,1990,2014.35,1986.45,1999.4,110167
05-03-2019,2002,2005,1978.05,1987.85,87491
01-03-2019,1990,2005.95,1982.5,1991.65,141607
28-02-2019,2065,2070,1977.85,1984.25,342425
27-02-2019,2037,2070,2020.85,2053.75,142848
26-02-2019,1977,2038.65,1969.9,2032.35,217075
25-02-2019,1927.15,1990,1927.15,1985,124746
22-02-2019,1920,1930.5,1905,1925.9,63686
21-02-2019,1924,1939.8,1898.65,1912.25,199720
20-02-2019,1913.95,1933.8,1882,1914.45,246655
19-02-2019,1971.75,1971.75,1895,1904.85,173030
18-02-2019,2035,2044.1,1965.6,1971.75,103574
15-02-2019,2045,2052,2013,2030.9,69676
14-02-2019,2064,2075,2033.15,2044.65,40054
13-02-2019,2057,2082.75,2050.65,2068.6,210280
12-02-2019,2070,2077,2020.35,2050.65,88124
11-02-2019,2062,2093.45,2051.05,2065.55,70084
08-02-2019,2078,2088.25,2054,2062.75,856235
07-02-2019,2079.4,2097.8,2069.5,2079.9,94880
06-02-2019,2052,2086,2040.4,2077.85,355138
05-02-2019,2049,2054.75,2028.05,2044.35,71284
04-02-2019,2030,2051,2018.3,2047.15,82381
01-02-2019,2005,2035,1998.3,2030.75,112449
31-01-2019,1988,2019.5,1985.05,2014.6,145616
30-01-2019,1983.15,1983.95,1955.1,1977.85,102628
29-01-2019,1956,1989.8,1937.3,1983.15,126943
28-01-2019,1931.7,1958,1929.55,1951.95,146761
25-01-2019,1904.4,1933.45,1900.75,1919.05,97696
24-01-2019,1882,1904.5,1876,1901.75,83595
23-01-2019,1900,1907.7,1874,1879.75,64588
22-01-2019,1908,1918.2,1890.7,1900.35,85612
21-01-2019,1900.4,1931.3,1896.55,1905.8,145868
18-01-2019,1887,1904.45,1877.3,1900.4,75507
17-01-2019,1871,1899,1871,1895.1,138166
16-01-2019,1869.95,1874.8,1848.55,1870.1,105630
15-01-2019,1813.55,1868,1809.55,1864.2,180669
14-01-2019,1854.7,1854.85,1810.5,1814.4,170020
11-01-2019,1875,1876.05,1836.1,1841.95,530631
10-01-2019,1904,1906.8,1874.1,1888.15,157549
09-01-2019,1915,1919,1869.05,1887.8,156721
08-01-2019,1902,1908,1884,1893.05,84481
07-01-2019,1891.1,1909,1880.25,1896.65,98867
04-01-2019,1901,1901.05,1841.5,1873.95,320877
03-01-2019,1913.5,1944,1891.7,1896.45,155018
02-01-2019,1907.9,1933,1900.55,1923.15,145042
01-01-2019,1905,1909,1885.1,1902.35,144685
31-12-2018,1901,1910.15,1887,1893.55,155314
28-12-2018,1909.45,1921,1893.75,1895.8,178358
27-12-2018,1909.9,1940.1,1892.35,1909.45,146915
26-12-2018,1916,1917.95,1872,1889.5,111886
24-12-2018,1901,1938,1901,1915.55,132496
21-12-2018,1949.9,1950,1890,1897.25,167447
20-12-2018,1965,1975.45,1947,1956.35,143401
19-12-2018,1985,1985,1960,1967.2,123115
18-12-2018,1999.5,2001.95,1975.1,1987.7,76444
17-12-2018,1990.15,2003,1985.5,1993.25,62958
14-12-2018,1995,1995,1975.65,1989.25,76627
13-12-2018,2020,2028.4,1975,1983.65,157492
12-12-2018,1998.35,2022.05,1987.1,2018.7,466804
11-12-2018,1973.5,2009.7,1961.15,1998.35,100894
10-12-2018,1979,2009.9,1962.05,1974.9,97246
07-12-2018,1991.75,2003.85,1975,1995.95,101524
06-12-2018,2000,2017.95,1981.25,1991.75,111506
05-12-2018,2009.4,2017.5,1985,2006.1,127987
04-12-2018,1983,2019.3,1971.5,2009.4,164306
03-12-2018,1980.1,1990,1969.05,1982.2,73374
30-11-2018,1960.25,1989.4,1960.25,1970.6,116167
29-11-2018,2000,2000,1943.65,1959.45,193279
28-11-2018,1897,1982.15,1883.9,1976.55,778970
27-11-2018,1865,1893.5,1834.6,1888.35,130220
26-11-2018,1822.9,1859.5,1787,1846.1,171396
22-11-2018,1822.45,1847.1,1810.4,1815.25,157701
21-11-2018,1873,1873.05,1802,1811.75,452436
20-11-2018,1903,1905.95,1875.1,1877.75,67206
19-11-2018,1896,1907,1867.5,1902.05,62108
16-11-2018,1889.9,1898.55,1868,1882.25,315475
15-11-2018,1869,1898.95,1860,1865.5,367665
14-11-2018,1935.9,1935.9,1872.5,1880.55,150552
13-11-2018,1925,1939.8,1903.05,1935.8,46465
12-11-2018,1910,1944.85,1909.8,1915.9,80898
09-11-2018,1955,1962.95,1904,1909.8,70524
07-11-2018,1948,1950.35,1935,1942.8,24436
06-11-2018,1891,1936,1890,1931.95,94811
05-11-2018,1914,1926.7,1885,1889.95,89179
02-11-2018,1935.8,1953.5,1905.75,1909.8,132521
01-11-2018,1940.1,1950,1902.55,1934.6,98198
31-10-2018,1904.4,1944.6,1878.65,1937.6,136726
30-10-2018,1866.95,1909,1846.55,1895.4,143803
29-10-2018,1810,1878,1784,1869.75,140665
26-10-2018,1857.8,1858,1791.3,1799.6,167785
25-10-2018,1845,1875.45,1825.5,1852.65,90640
24-10-2018,1858,1871.8,1812,1851.5,172568
23-10-2018,1890,1896.5,1836.8,1844.15,114276
22-10-2018,1918,1919.5,1888.45,1902.15,55237
19-10-2018,1940,1940,1872.2,1917.05,123953
17-10-2018,1974.5,1988.95,1920.1,1927.7,306638
16-10-2018,1955,1969.15,1935,1961.7,168016
15-10-2018,1937,1955,1921.7,1949.15,174014
12-10-2018,1990,1990,1904.8,1918.4,650422
11-10-2018,1998.7,2013.55,1943.05,1979.75,358205
10-10-2018,2110,2110,2030.2,2043.05,1935417
09-10-2018,2080,2108,2054.4,2090.5,127278
08-10-2018,2106.5,2122.9,2048,2080.1,102738
05-10-2018,2059.8,2119.85,2024,2103.1,166182
04-10-2018,2161,2161,2058.65,2064.25,537593
03-10-2018,2246.1,2253.85,2155,2162.45,151560
01-10-2018,2186,2273,2186,2255.8,186123
28-09-2018,2184,2190,2159.55,2184.5,77824
27-09-2018,2150,2202,2136.6,2187.8,121150
26-09-2018,2183,2197.1,2135,2141.45,79677
25-09-2018,2200,2209.6,2155,2183.1,128098
24-09-2018,2104,2214.15,2098.3,2198.7,299610
21-09-2018,2078,2130.85,2052.5,2103.8,124436
19-09-2018,2074,2088.1,2066,2076.9,56494
18-09-2018,2075,2077.3,2059,2070,44727
17-09-2018,2070,2077,2054.85,2071.6,49469
14-09-2018,2045,2070.85,2018.85,2063.3,142167
12-09-2018,2051,2067.8,2040,2043.75,162054
11-09-2018,2084,2089.25,2042,2045.95,94049
10-09-2018,2082.95,2093.4,2074.1,2081.2,59853
07-09-2018,2080,2083.95,2065.55,2079.7,49201
06-09-2018,2080,2081.5,2063,2075.7,64300
05-09-2018,2100,2105.95,2075,2078.15,136884
04-09-2018,2055,2100,2055,2093.2,318313
03-09-2018,2080.05,2089.95,2052.1,2054.95,125871
31-08-2018,2080,2090.5,2073.05,2078.2,166815
30-08-2018,2070,2080.2,2064.4,2079.45,187645
29-08-2018,2072.9,2072.9,2046.1,2065.8,96894
28-08-2018,2052.75,2072,2051.65,2065.55,167682
27-08-2018,2042,2058.55,2036.55,2051.65,102741
24-08-2018,2035.1,2046.05,2031,2042.2,90110
23-08-2018,2020,2038.7,2020,2035.45,162256
21-08-2018,2010,2022.75,2005,2013.65,62718
20-08-2018,2023.5,2023.5,2005.25,2010.4,69717
17-08-2018,2014,2021.15,2005,2011.85,175463
16-08-2018,2002,2019,1996,2008.75,132552
14-08-2018,1992,2024,1983.5,2001.25,228939
13-08-2018,2000,2002.55,1988.25,2000.5,364314
10-08-2018,1978.05,1997.05,1974,1993.85,140439
09-08-2018,1985.9,1985.9,1966.3,1974.55,101982
08-08-2018,1970,1978.3,1963.75,1974.6,94389
07-08-2018,1977,1977.05,1961,1968.1,78403
06-08-2018,1998,1998,1971,1976.35,110668
03-08-2018,1956.9,1980,1956.9,1977.35,57673
02-08-2018,1980.7,1984.6,1941,1950.65,105704
01-08-2018,1951,1980,1950,1975.1,112747
31-07-2018,1943.6,1948.5,1929.05,1941.25,89586
30-07-2018,1948.55,1955.3,1935,1944.95,96383
27-07-2018,1965,1966.8,1940,1943.1,132170
26-07-2018,1975,1985.05,1955.55,1963.3,83737
25-07-2018,2000.15,2003,1971,1979.4,91325
24-07-2018,2009.05,2012,1987,1996.85,59826
23-07-2018,2000,2008.85,1991.2,2005.05,86334
20-07-2018,1983.05,2000,1983,1995.95,62274
19-07-2018,1999,2009.95,1970.55,1981.45,83227
18-07-2018,2005.5,2009.9,1993,1997.3,78031
17-07-2018,1988,2005.45,1982,1997.85,117890
16-07-2018,1985.05,1996,1978.4,1988.8,112080
13-07-2018,1975,1998,1975,1981.25,975624
12-07-2018,1984,1992,1961.5,1971,602500
11-07-2018,1900,1995,1894,1979.6,1157363
10-07-2018,1895.2,1900,1872.6,1877,433180
09-07-2018,1927.95,1930,1882,1887.65,374551
06-07-2018,1882.8,1920.3,1880,1913.3,211358
05-07-2018,1875.2,1887,1864,1881.7,110452
04-07-2018,1879,1880,1860.1,1869.65,138775
03-07-2018,1859.95,1880,1858,1875.9,163967
02-07-2018,1829.95,1859.95,1829.95,1855.6,151420
29-06-2018,1846,1868,1843,1847.2,229631
28-06-2018,1865,1872,1830.15,1847.3,333642
27-06-2018,1859.8,1886.2,1852,1859.8,474432
26-06-2018,1821,1862,1821,1852.7,1065791
25-06-2018,1812,1824,1809,1820.45,215085
22-06-2018,1828.8,1829,1803.25,1811.8,200191
21-06-2018,1830,1834,1818,1819.85,184984
20-06-2018,1833,1836.6,1823,1826.3,204010
19-06-2018,1822.65,1839.6,1822,1825.85,721683
18-06-2018,1869,1870.7,1825.5,1830.7,522045
15-06-2018,1801,1849,1791,1841.45,765529
14-06-2018,1839,1840,1785,1792.25,313381
13-06-2018,1815,1832,1800,1824.2,353957
12-06-2018,1756,1784.95,1753.5,1781,152861
11-06-2018,1747,1763.45,1742.8,1750.6,58160
08-06-2018,1736,1757.5,1736,1748.2,402906
07-06-2018,1725.4,1748.5,1725.4,1734.6,118908
06-06-2018,1724.7,1735.3,1716.3,1727.25,383083
05-06-2018,1745,1752.6,1713.45,1721.2,104701
04-06-2018,1751.7,1752,1712.9,1744.55,242609
01-06-2018,1758,1760,1719,1732.25,117215
31-05-2018,1742.3,1758.7,1726.1,1744.8,156722
30-05-2018,1760,1766.25,1742.3,1758.88,154570
29-05-2018,1756,1774.75,1745.55,1761.35,205762
28-05-2018,1800.55,1809,1744,1751.9,263160
25-05-2018,1809.5,1837,1786.4,1794.73,169150
24-05-2018,1750,1807.5,1750,1802.4,192390
23-05-2018,1764,1772.48,1741.4,1748.53,90694
22-05-2018,1779,1787.5,1747.5,1754.03,103528
21-05-2018,1760,1795.93,1755,1778.98,136672
18-05-2018,1744.93,1759,1731.25,1751.18,52170
17-05-2018,1757.93,1764.9,1737.5,1746.35,96268
16-05-2018,1740,1754.98,1737.5,1747.78,58254
15-05-2018,1727,1747.25,1718.45,1741.23,79148
14-05-2018,1732,1739.93,1708,1718.38,603792
11-05-2018,1727.5,1743.75,1723.2,1730.3,70336
10-05-2018,1745.5,1754.73,1723,1726.38,123642
09-05-2018,1724.5,1747.23,1721.5,1744.53,99586
08-05-2018,1716,1743.98,1699.43,1720.53,202564
07-05-2018,1741.13,1745,1710.05,1713.85,126844
04-05-2018,1741,1752,1735.65,1740.43,93992
03-05-2018,1751,1763.93,1737.5,1741.33,145044
02-05-2018,1766.5,1780,1737.8,1748.9,129712
30-04-2018,1727.5,1773.5,1719.1,1765.7,184786
27-04-2018,1770,1771.58,1724.65,1727.4,214912
26-04-2018,1735.5,1780,1734.5,1770.18,301996
25-04-2018,1692.5,1740.75,1683,1733.95,443866
24-04-2018,1706.48,1721.75,1672.95,1692.83,390992
23-04-2018,1714.5,1778.5,1700,1707.6,1011632
20-04-2018,1625.1,1710.63,1622.5,1703.2,1543910
19-04-2018,1587.5,1607.5,1583.15,1595.33,204144
18-04-2018,1586.48,1594.9,1573.65,1579.75,104790
17-04-2018,1595,1595,1574.65,1582.95,92720
16-04-2018,1566,1599.5,1554.03,1592.4,235726
13-04-2018,1574.5,1619,1565.55,1575.5,283872
12-04-2018,1507.75,1575,1505.08,1568.65,1843550
11-04-2018,1475,1513.45,1473.6,1507.75,184910
10-04-2018,1469.5,1477.93,1462.55,1465.93,59978
09-04-2018,1475,1481.5,1457.5,1460.58,46454
06-04-2018,1470.5,1480.68,1463.5,1474.85,42414
05-04-2018,1457.78,1481,1457.78,1478.58,130186
04-04-2018,1461.5,1466.65,1445.98,1453.53,75234
03-04-2018,1450,1463.58,1446.5,1454.05,68598
02-04-2018,1422.5,1455,1422.5,1451.45,101468
28-03-2018,1419.5,1437,1413.78,1424.65,164114
27-03-2018,1410.05,1434.5,1410.05,1420.93,75910
26-03-2018,1408.35,1411.45,1391.15,1406.53,296360
23-03-2018,1403.35,1415.5,1400,1408.23,193700
22-03-2018,1428,1435,1412.5,1414.98,97270
21-03-2018,1430.13,1441,1422.5,1427.3,199524
20-03-2018,1413.73,1435,1410.35,1429.58,107408
19-03-2018,1420.35,1422.5,1410.03,1414.43,222384
16-03-2018,1434.38,1435,1402.5,1412.75,262176
15-03-2018,1445.58,1451.2,1428.83,1434.58,325626
14-03-2018,1448,1462.5,1437.53,1443.05,271416
13-03-2018,1464,1464.5,1442.05,1446.23,4395838
12-03-2018,1517.5,1540,1517.5,1525.93,142190
09-03-2018,1507,1529.98,1489.28,1517.25,210212
08-03-2018,1530,1530,1491.95,1500.75,113716
07-03-2018,1527.5,1544.88,1512.13,1514.63,162102
06-03-2018,1566.5,1566.5,1515.33,1524.9,98618
05-03-2018,1534.5,1556.23,1518.03,1552.15,221630
01-03-2018,1520.5,1530,1510.98,1518.55,56560
28-02-2018,1520,1531.18,1511.68,1519.13,202686
27-02-2018,1524.98,1538.9,1517.5,1521.63,95542
26-02-2018,1539.05,1542.38,1513.5,1517.63,99870
23-02-2018,1521,1550,1498.03,1538.45,593338
22-02-2018,1522.5,1538.98,1511.28,1520.2,149406
21-02-2018,1480.5,1530,1480.5,1521.53,249970
20-02-2018,1465,1491.73,1464.55,1472.53,82030
19-02-2018,1470,1476.23,1449.2,1462.28,167344
16-02-2018,1462.5,1499.5,1462,1468.6,608620
15-02-2018,1464.5,1471.25,1453.3,1462.88,101492
14-02-2018,1482.5,1487,1447.13,1455.23,111846
12-02-2018,1504,1509,1478,1483.95,2393374
09-02-2018,1480,1495.88,1450,1486.15,118202
08-02-2018,1485.5,1513.38,1478.6,1483.13,2542808
07-02-2018,1507.5,1522,1475,1477.68,251898
06-02-2018,1515,1538.93,1492.9,1497.68,1039270
05-02-2018,1555.5,1592.95,1539.18,1553.25,462518
02-02-2018,1557.5,1595,1552.83,1574.58,510204
01-02-2018,1560,1594.5,1545.78,1569.45,127464
31-01-2018,1565.5,1573.55,1550.5,1555.88,301576
30-01-2018,1559.5,1599.63,1559.5,1576.85,88726
29-01-2018,1559.03,1612,1559,1597.55,159372
25-01-2018,1590,1590.5,1540,1558.93,174444
24-01-2018,1550,1627.4,1540,1587.3,762348
23-01-2018,1557.5,1568.88,1546.3,1551.55,614352
22-01-2018,1478,1565,1462,1556.58,443890
19-01-2018,1460,1489.5,1451.53,1477.38,109434
18-01-2018,1447.5,1462.5,1433.3,1455.05,105898
17-01-2018,1428.55,1462.5,1428.5,1444.73,305872
16-01-2018,1374.1,1430,1374.1,1425.43,277772
15-01-2018,1395,1401.53,1368.08,1373.6,64996
12-01-2018,1406.5,1406.5,1372,1386.45,171892
11-01-2018,1403.6,1410,1390.95,1394.2,140630
10-01-2018,1356,1408,1348.73,1403.55,196244
09-01-2018,1355,1361.65,1339.45,1354.23,83554
08-01-2018,1347.5,1360.68,1340.73,1353.88,56746
05-01-2018,1325.5,1347,1325.5,1342.23,98284
04-01-2018,1330,1330,1320.2,1324.9,29218
03-01-2018,1317,1332.03,1315.08,1317.6,40080
02-01-2018,1321.48,1338.73,1311.35,1316.88,45568
01-01-2018,1344.9,1346.25,1321.43,1327.33,72202
29-12-2017,1307.5,1355.85,1307.5,1350.2,187112
28-12-2017,1301.5,1325,1300.6,1314.43,64402
27-12-2017,1318.05,1328.98,1305.53,1310.53,31994
26-12-2017,1337.53,1344,1317.5,1321.4,133142
22-12-2017,1300,1329.95,1295,1319.9,181640
21-12-2017,1295,1303.45,1278.35,1297.05,34050
20-12-2017,1285,1296,1270,1294,313914
19-12-2017,1285,1298.7,1283.75,1287.53,52882
18-12-2017,1266.5,1292.6,1248.45,1288.5,88078
15-12-2017,1280,1293.65,1270.18,1273.93,70532
14-12-2017,1310.13,1315,1265.5,1279.28,113418
13-12-2017,1297.55,1323.78,1297.55,1313.65,55852
12-12-2017,1328.03,1329.55,1302.55,1307.08,63784
11-12-2017,1302.5,1333.5,1302.5,1328,33814
08-12-2017,1308.5,1322,1297.53,1300.5,38394
07-12-2017,1315.73,1322.28,1307.53,1308.83,34668
06-12-2017,1317,1320,1306.95,1315.73,19524
05-12-2017,1310,1324.5,1310,1316.9,23444
04-12-2017,1313.5,1329.3,1301.85,1316.68,35034
01-12-2017,1318.5,1334.48,1312.5,1315.28,48620
30-11-2017,1329,1334.28,1312.5,1317.13,36504
29-11-2017,1339.9,1346.15,1325.5,1329.28,27624
28-11-2017,1343.5,1348.75,1336.13,1342.45,164746
27-11-2017,1338.5,1345.7,1332.6,1343.53,35470
24-11-2017,1337,1353,1337,1344.38,42346
23-11-2017,1342.05,1347.13,1336.33,1341.38,33170
22-11-2017,1335,1354.7,1335,1341.6,147484
21-11-2017,1352.38,1352.38,1335,1338.33,32314
20-11-2017,1359.05,1362.83,1348.48,1352.33,48444
17-11-2017,1379.5,1379.5,1353,1355.05,30136
16-11-2017,1353.5,1380.5,1345,1373.3,132358
15-11-2017,1357.5,1374.98,1351.4,1353.08,49182
14-11-2017,1379,1379,1353.28,1358.38,59444
13-11-2017,1351.5,1387,1350,1379.45,134728
10-11-2017,1358.5,1364.98,1347.75,1351.65,18128
09-11-2017,1375,1375,1356.78,1366.93,62778
08-11-2017,1364,1376.55,1359.83,1365.23,61182
07-11-2017,1335.5,1371.8,1334,1354.18,232088
06-11-2017,1305,1336.48,1305,1333.5,74320
03-11-2017,1315,1317.5,1302.13,1306.35,35902
02-11-2017,1293.25,1335,1293.25,1312.9,80876
01-11-2017,1311,1311,1290.55,1301.25,50706
31-10-2017,1297.53,1317.45,1297.53,1308.15,71600
30-10-2017,1290,1309,1290,1306.5,85514
27-10-2017,1272.5,1295,1267.2,1289.6,59322
26-10-2017,1280,1283.2,1262.8,1271.5,47864
25-10-2017,1291,1305.5,1279.38,1280.88,26314
24-10-2017,1305,1309.5,1285.23,1290.3,29186
23-10-2017,1290.5,1312.53,1277.5,1292.98,182860
19-10-2017,1294.53,1297.48,1285.43,1290.48,10286
18-10-2017,1295,1305.95,1290,1294.53,32266
17-10-2017,1293,1306.48,1290.55,1297.43,62332
16-10-2017,1278.38,1295,1278,1292.55,85992
13-10-2017,1274.95,1302.8,1262.5,1278.38,187026
12-10-2017,1250.53,1277.5,1250.53,1274.28,373754
11-10-2017,1230,1256.68,1228.85,1250.25,254368
10-10-2017,1230,1235.3,1226.05,1229.78,288744
09-10-2017,1224,1233.5,1221.3,1226.28,40918
06-10-2017,1214,1227.03,1213.8,1222.58,48416
05-10-2017,1221,1221.28,1212.5,1215.08,224568
04-10-2017,1235,1235,1214.5,1221.28,264880
03-10-2017,1217.5,1227.73,1214,1223.53,332914
29-09-2017,1239.23,1241.73,1210.33,1218.5,190728
28-09-2017,1247.5,1255.53,1226.43,1239.23,215700
27-09-2017,1245,1253.98,1237.05,1245.08,662114
26-09-2017,1254.1,1263,1234,1237.45,124206
25-09-2017,1264.4,1266.5,1247.5,1254.1,86234
22-09-2017,1262.5,1262.95,1247.6,1251.18,50996
21-09-2017,1243.75,1269.85,1239.98,1262.93,59748
20-09-2017,1249.15,1252.5,1239.03,1246.2,35934
19-09-2017,1249.53,1251.68,1246.25,1249.15,26636
18-09-2017,1253.5,1258.45,1245.55,1249.53,44660
15-09-2017,1246,1257.23,1243.8,1249.28,96160
14-09-2017,1245,1248.73,1236.5,1242.53,70868
13-09-2017,1250,1264.03,1237.68,1244.05,125994
12-09-2017,1232.5,1247.23,1228.5,1243.4,52032
11-09-2017,1237,1240.28,1228.1,1231.78,99420
08-09-2017,1231.5,1237.5,1226.98,1235.08,56132
07-09-2017,1228,1233.5,1226.18,1229.48,37994
06-09-2017,1235,1237.48,1226,1228.23,28764
05-09-2017,1228.9,1241.25,1220,1238.83,55212
04-09-2017,1228.23,1231.38,1220.1,1228.9,125536
01-09-2017,1237.5,1238.5,1220,1231.6,77234
31-08-2017,1246,1250,1234,1248.38,456558
30-08-2017,1243.75,1245.73,1230.5,1243.38,39944
29-08-2017,1242.93,1246.95,1233,1237.48,35542
28-08-2017,1248,1250.98,1232,1242.93,42866
24-08-2017,1237.65,1257.5,1237.65,1247.65,27694
23-08-2017,1250,1260,1237.83,1246.5,25540
22-08-2017,1259.95,1269,1245.5,1248.03,36044
21-08-2017,1256.43,1271,1247.5,1260.7,71410
18-08-2017,1237.5,1273.23,1235.48,1256.43,283874
17-08-2017,1250,1250,1231,1240.08,43284
16-08-2017,1248.5,1273.5,1233.43,1245.53,72664
14-08-2017,1250.5,1252.8,1230.03,1234.58,28980
11-08-2017,1257,1266.65,1242.5,1247,76946
10-08-2017,1249.2,1260,1243.25,1255.63,47260
09-08-2017,1247.98,1260.73,1247.55,1250.98,36890
08-08-2017,1262.5,1263,1243,1248.9,41584
07-08-2017,1261,1261.38,1242,1252.3,62024
04-08-2017,1245,1264,1243.73,1261.38,58680
03-08-2017,1239.5,1250.73,1236,1244.78,907188
02-08-2017,1249.5,1250.93,1229,1233.68,42532
01-08-2017,1247.03,1259.45,1244.15,1249.98,52056
31-07-2017,1235,1258,1232.45,1247.03,84854
28-07-2017,1239.7,1244.28,1221.93,1241.38,84968
27-07-2017,1275,1291.85,1234.53,1242.18,119976
26-07-2017,1277.5,1286.5,1273.5,1277.4,75250
25-07-2017,1265,1290,1258.85,1285.33,103052
24-07-2017,1240,1269.6,1239.95,1266.33,115188
21-07-2017,1222.6,1249.5,1219.9,1245.45,87094
20-07-2017,1225,1228.7,1215.5,1222.6,46184
19-07-2017,1209,1228.95,1208.65,1225.23,83796
18-07-2017,1198.5,1220,1198.5,1202.63,177068
17-07-2017,1200,1210.33,1192,1197.85,69136
14-07-2017,1194.5,1211.33,1188.05,1199.4,420104
13-07-2017,1224.95,1235.5,1213.55,1222.03,136914
12-07-2017,1243.98,1244,1215.65,1219.55,91514
11-07-2017,1219.4,1256.7,1213.43,1235.95,289626
10-07-2017,1166.5,1226,1166.5,1220.43,1350732
07-07-2017,1177.3,1178,1162.5,1166.1,109818
06-07-2017,1175.03,1180.65,1170,1172.4,62268
05-07-2017,1182,1182,1173.15,1178.88,41572
04-07-2017,1186.7,1190.7,1175.55,1182,56178
03-07-2017,1182,1191.48,1172.75,1186.7,72366
30-06-2017,1165,1188.93,1163,1182.18,109472
29-06-2017,1176.5,1185.4,1162.5,1167.33,80968
28-06-2017,1172.5,1179.15,1167.58,1175.6,82848
27-06-2017,1179.38,1193.18,1167.5,1172.95,95596
23-06-2017,1201.5,1206.5,1176.5,1180.33,93466
22-06-2017,1205,1215.05,1194.45,1197.88,115518
21-06-2017,1220.5,1220.5,1199,1203.03,92260
20-06-2017,1214.98,1222.5,1191.55,1220.75,78890
19-06-2017,1204.25,1221.43,1203.28,1215.95,96256
16-06-2017,1205.55,1217.45,1194.75,1198.73,145620
15-06-2017,1232.53,1234.98,1203.03,1205.55,155360
14-06-2017,1225.03,1238.5,1225.03,1235.4,4940
13-06-2017,1233.13,1241.23,1225,1226.7,4928
12-06-2017,1250,1257,1236.2,1244.95,1674392
09-06-2017,1258,1272.75,1244.5,1255.13,205784
08-06-2017,1305,1305,1258.85,1260.75,362406
07-06-2017,1350,1350,1290.5,1307.68,390798
06-06-2017,1322,1353.7,1315,1347.7,307384
05-06-2017,1282.5,1310,1280,1300.53,144418
02-06-2017,1271.13,1294.5,1271.13,1280.93,83936
01-06-2017,1265,1281.1,1265,1275.43,94288
31-05-2017,1265.5,1285.78,1264.53,1272.18,100232
30-05-2017,1286.43,1287.5,1262.8,1275.85,97588
29-05-2017,1289.5,1297.93,1281.15,1285.75,100132
26-05-2017,1312,1318,1285.53,1289.65,693932
25-05-2017,1286,1316.5,1283.78,1309.98,790938
24-05-2017,1261.23,1285,1261.23,1278.9,274382
23-05-2017,1264.75,1280.3,1257,1260.23,99178
22-05-2017,1253.5,1275,1253.5,1264.65,96514
19-05-2017,1273,1275,1242.6,1253.4,106246
18-05-2017,1225.5,1282.88,1221.53,1267.05,576312
17-05-2017,1215.95,1230,1212,1225.68,249280
16-05-2017,1189.35,1217.4,1187.75,1213.63,1178620
15-05-2017,1182.25,1187.5,1170.38,1182.2,52680
12-05-2017,1174.5,1184.5,1161.35,1179.75,336766
11-05-2017,1170,1179.83,1161.8,1175.63,64362
10-05-2017,1176.38,1178,1158,1166.25,71886
09-05-2017,1171.23,1181,1166.8,1176.38,83428
08-05-2017,1162.5,1173.45,1159,1170.95,68278
05-05-2017,1151,1165.9,1151,1159.98,343074
04-05-2017,1172.5,1174,1155.5,1163.55,668816
03-05-2017,1149.5,1171.75,1135.73,1168.7,255224
02-05-2017,1148.5,1150.75,1140.05,1145.98,277740
28-04-2017,1150.7,1151,1132.65,1136.05,201386
27-04-2017,1160,1164.83,1142.53,1150.7,317610
26-04-2017,1165.13,1170.5,1152,1155.23,307916
25-04-2017,1165.5,1171.65,1151.5,1155.65,86084
24-04-2017,1150,1168.53,1141.95,1164.55,109302
21-04-2017,1165,1167.73,1150.95,1155.6,46658
20-04-2017,1159.45,1167,1146,1164.18,121062
19-04-2017,1142.5,1174.23,1127.5,1150.88,434290
18-04-2017,1162.5,1169.48,1151.25,1154.33,155452
17-04-2017,1166.25,1166.53,1150,1160.43,95602
13-04-2017,1200,1204,1160.68,1163.93,216988
12-04-2017,1209.58,1213.5,1190.3,1197.1,61524
11-04-2017,1210,1221,1205,1210.4,48530
10-04-2017,1215,1224,1204.05,1210.58,97532
07-04-2017,1200,1215,1197.2,1213.55,4836
06-04-2017,1200.6,1205.03,1195,1199.88,4800
05-04-2017,1208.5,1209.25,1197.5,1201.43,4806
03-04-2017,1217.5,1217.5,1205,1206.65,56716
31-03-2017,1219.5,1220,1207.43,1215.55,167886
30-03-2017,1220,1232.5,1217.5,1221.88,123922
29-03-2017,1215.63,1223.95,1213.28,1221.88,60344
28-03-2017,1206.05,1220.93,1206.05,1214.93,62040
27-03-2017,1214,1220.5,1203.5,1206.05,163488
24-03-2017,1232.5,1235,1211.85,1213.38,305624
23-03-2017,1239,1243,1224.25,1229.45,128716
22-03-2017,1243.5,1247.5,1235,1239.55,111480
21-03-2017,1241,1246.95,1233,1243.08,95616
20-03-2017,1259,1261.7,1233.53,1240.4,108378
17-03-2017,1274,1274,1256.23,1263.43,358458
16-03-2017,1250.5,1262.5,1250.5,1259.48,67864
15-03-2017,1282.5,1285,1248.03,1250.15,121088
14-03-2017,1275,1292,1275,1281.18,791322
10-03-2017,1262.5,1274.25,1259.75,1270.9,134058
09-03-2017,1256.95,1262.45,1251.75,1259.78,154960
08-03-2017,1249.5,1260,1246,1256.95,159064
07-03-2017,1236,1253.73,1236,1250.35,97596
06-03-2017,1237.5,1241.23,1227.45,1235.33,417268
03-03-2017,1250.5,1250.5,1238,1246.18,69636
02-03-2017,1240,1255,1239.55,1250.58,220154
01-03-2017,1242,1250.5,1235.7,1240.03,79962
28-02-2017,1244.45,1245.63,1225.78,1233.25,75554
27-02-2017,1240.5,1250,1236.53,1244.45,121912
23-02-2017,1205,1245.5,1205,1240.83,230636
22-02-2017,1232.5,1235.73,1201,1204.78,257518
21-02-2017,1258,1262.5,1227.6,1232.15,647770
20-02-2017,1209.5,1277.5,1206,1253.25,396012
17-02-2017,1226.03,1237,1201.08,1204.08,171908
16-02-2017,1225,1238.75,1218.15,1223.45,302020
15-02-2017,1200,1213.5,1189.18,1207.85,124852
14-02-2017,1207,1207.5,1198.25,1201.48,114198
13-02-2017,1201.65,1212.5,1191.38,1205.15,4818
10-02-2017,1152,1210.45,1152,1198.35,243032
09-02-2017,1135,1165.45,1134.5,1162.13,984414
08-02-2017,1120,1140.5,1120,1131.33,172196
07-02-2017,1120.5,1125,1113,1122.4,122244
06-02-2017,1124.1,1127.2,1108,1120.28,137052
03-02-2017,1102.9,1121,1096,1116.88,160484
02-02-2017,1085,1109.45,1077.15,1102.9,292880
01-02-2017,1112.18,1119.98,1081,1084.73,609436
31-01-2017,1167,1167,1103.28,1114.95,447766
30-01-2017,1170,1174.03,1161.03,1167.1,180772
27-01-2017,1175,1188.65,1173.75,1179.03,89736
25-01-2017,1159,1179.98,1159,1176.35,114796
24-01-2017,1155,1162,1147.25,1159,233774
23-01-2017,1129.5,1155.5,1129.5,1152.85,171260
20-01-2017,1145.5,1150,1133,1143.73,61972
19-01-2017,1147.5,1148.5,1141.5,1145.15,134058
18-01-2017,1142.3,1148.5,1133.5,1147.5,238226
17-01-2017,1130,1143.5,1126.28,1138.83,75938
16-01-2017,1126,1136.95,1115,1129.28,289480
13-01-2017,1175,1184,1120.75,1126,913922
12-01-2017,1169.95,1179.88,1151.5,1171.65,214322
11-01-2017,1157.73,1164,1141,1161.53,94466
10-01-2017,1159.5,1164.15,1144.5,1157.73,213236
09-01-2017,1144,1155,1128.53,1151.88,80870
06-01-2017,1160,1164.9,1128.5,1141.8,528968
05-01-2017,1189.28,1193.5,1162.5,1167.28,117118
04-01-2017,1184.55,1193,1179.25,1189.28,51342
03-01-2017,1180.5,1185.68,1172.03,1184.25,98492
02-01-2017,1182.5,1187.5,1176.45,1179.53,50260
30-12-2016,1175.95,1187.95,1175.95,1180.98,82958
29-12-2016,1152.45,1177.5,1152.45,1175.38,83142
28-12-2016,1162.5,1174.5,1154.03,1157.9,67392
27-12-2016,1145,1164.5,1144.43,1160.93,62170
26-12-2016,1140,1150,1136.25,1146.05,61462
23-12-2016,1154.5,1157.85,1140,1145.1,56552
22-12-2016,1156.38,1162.35,1143,1154.93,85978
21-12-2016,1172.5,1172.5,1152.5,1156.38,63422
20-12-2016,1145,1172,1143.73,1168.88,129340
19-12-2016,1144,1148.03,1131.45,1143.75,55026
16-12-2016,1135.05,1143,1128.8,1140.88,89296
15-12-2016,1103.95,1135.75,1100.28,1129.75,212302
14-12-2016,1101,1111.5,1095,1103.95,112504
13-12-2016,1122,1122,1092.5,1100.43,81496
12-12-2016,1097.5,1107.75,1083,1103.13,4404
09-12-2016,1100.78,1110.48,1087.5,1096.73,106284
08-12-2016,1080,1100,1080,1098.45,125494
07-12-2016,1095,1095,1075.5,1079.1,132192
06-12-2016,1097.5,1102,1088.5,1095.23,91508
05-12-2016,1110.5,1117.58,1086.5,1093.23,75966
02-12-2016,1132.5,1134.95,1104,1111.95,81224
01-12-2016,1145,1145,1128.33,1133.23,68918
30-11-2016,1131.25,1147.5,1122.03,1138.38,96284
29-11-2016,1140.25,1145.13,1125.68,1129.2,70810
28-11-2016,1150,1158.85,1127.2,1138.65,128884
25-11-2016,1099.98,1155,1098.05,1150.43,307770
24-11-2016,1077.5,1104,1070,1093.25,529064
23-11-2016,1070.58,1081.15,1064.8,1078.35,737708
22-11-2016,1066,1087.45,1060.83,1067.15,80690
21-11-2016,1065,1070.5,1053.5,1066.28,84768
18-11-2016,1073,1074.53,1053.25,1061.58,95108
17-11-2016,1094.5,1102.35,1067.6,1071.08,126570
16-11-2016,1062.5,1104.75,1062.5,1095.13,1019310
15-11-2016,1057.5,1078.2,1027.35,1061.05,121138
11-11-2016,1072.5,1073,1045.5,1052.53,4224
10-11-2016,1100,1109.5,1071,1079.03,151660
09-11-2016,1110.45,1137.5,1071.15,1085.53,757174
08-11-2016,1140,1153.75,1131.15,1141.85,132148
07-11-2016,1165.75,1169.5,1131.55,1139.68,274938
04-11-2016,1150.5,1168,1147.48,1165.05,126488
03-11-2016,1147,1166.78,1142,1159.98,104006
02-11-2016,1170,1170,1148.08,1152.23,1325668
01-11-2016,1197,1197.3,1167.53,1173.85,75204
30-10-2016,1200,1212,1195,1197.3,14728
28-10-2016,1206.63,1207.5,1191.5,1199.63,69238
27-10-2016,1190,1212.5,1183.45,1206.63,108572
26-10-2016,1199.33,1201.98,1186.5,1198.48,83738
25-10-2016,1199,1207.2,1194.45,1199.33,69504
24-10-2016,1214,1215.28,1202,1213.93,40064
21-10-2016,1199,1215.63,1199,1214.35,86424
20-10-2016,1195.05,1204.38,1193,1199.93,55030
19-10-2016,1202.5,1202.5,1185.6,1197.1,108162
18-10-2016,1185.5,1205,1177.5,1199.15,147164
17-10-2016,1183.55,1188.5,1174.03,1181.45,114160
14-10-2016,1161,1192.2,1149.43,1182.95,363638
13-10-2016,1177.5,1183.93,1161.63,1164.25,792440
10-10-2016,1185,1192.5,1176.4,1190.05,164984
07-10-2016,1194,1194,1178.45,1184.13,88570
06-10-2016,1195,1198.78,1186,1192.13,91144
05-10-2016,1203,1206.7,1188,1191.28,92802
04-10-2016,1206,1211.15,1197.53,1200.55,1519100
03-10-2016,1220,1227.5,1200.65,1205.9,183492
30-09-2016,1217.5,1224,1212.5,1213.6,349554
29-09-2016,1214,1224.8,1209.73,1217.3,700728
28-09-2016,1215,1218,1207.5,1211.73,254512
27-09-2016,1202.5,1222.5,1202.5,1215.35,79766
26-09-2016,1196.5,1208.45,1196.5,1200.43,558926
23-09-2016,1192,1200.75,1187.5,1198.65,882088
22-09-2016,1214.25,1214.25,1185.5,1188.83,469060
21-09-2016,1203.25,1210.7,1200.53,1206.75,1685842
20-09-2016,1203.68,1209.95,1192.5,1205.55,75108
19-09-2016,1181.9,1211.48,1175.18,1203.68,171600
16-09-2016,1172.5,1188.48,1160,1180.58,395314
15-09-2016,1169.5,1172.25,1159,1164.03,243314
14-09-2016,1179.55,1187.48,1155.5,1164.28,265664
12-09-2016,1168.75,1182.3,1160,1179.55,141262
09-09-2016,1162.5,1183,1160,1176.25,191110
08-09-2016,1183.5,1183.5,1143.5,1160.58,603684
07-09-2016,1254.5,1254.5,1212,1223.5,293128
06-09-2016,1257,1272,1240.5,1242.03,520660
02-09-2016,1257.5,1259.5,1249.55,1256.75,62048
01-09-2016,1264.5,1265,1244.98,1253.8,51666
31-08-2016,1273.5,1273.5,1250.5,1256.28,73496
30-08-2016,1255,1287.38,1250.8,1274.35,68150
29-08-2016,1265,1266.98,1235.58,1250.8,117372
26-08-2016,1277.55,1285.78,1260.53,1264.58,54952
25-08-2016,1288,1294.6,1264.5,1275.05,95894
24-08-2016,1300.5,1300.5,1284.05,1285.95,75562
23-08-2016,1268,1303,1268,1301.6,89648
22-08-2016,1290.5,1296.75,1270,1275.73,84006
19-08-2016,1318,1323.9,1300,1301.98,63758
18-08-2016,1315,1328.5,1315,1318.35,33318
17-08-2016,1347.5,1347.5,1309,1311.95,97192
16-08-2016,1370,1370,1337,1345.73,69424
12-08-2016,1353,1370,1352.98,1366.18,83180
11-08-2016,1335,1357.5,1334.75,1352.15,68542
10-08-2016,1325,1340,1323.5,1336.95,114764
09-08-2016,1325.95,1329.5,1305,1325.28,100474
08-08-2016,1324,1333.4,1315.73,1325.95,69162
05-08-2016,1330,1341.45,1316.5,1324.45,202886
04-08-2016,1339.35,1341.03,1319.48,1326.33,110250
03-08-2016,1340.25,1347,1324.43,1328.13,132298
02-08-2016,1348,1358,1343.03,1346.05,311732
01-08-2016,1310,1360,1310,1349,306896
29-07-2016,1307,1316,1299.6,1309.28,84648
28-07-2016,1288.5,1313.3,1288.5,1307.78,120586
27-07-2016,1275,1290,1274.15,1288.05,112658
26-07-2016,1275.5,1281.5,1265.65,1274.15,85622
25-07-2016,1254.25,1277.5,1253.53,1275.78,125844
22-07-2016,1245,1260.45,1240,1254.58,85330
21-07-2016,1245,1257.5,1233,1250.63,98400
20-07-2016,1229,1249.5,1224.03,1246.63,116480
19-07-2016,1215,1233.53,1215,1230.78,76850
18-07-2016,1222.5,1235,1214.48,1216.75,182726
15-07-2016,1262,1264,1214.03,1220.95,578922
14-07-2016,1244.25,1263.43,1236.03,1260.15,182280
13-07-2016,1238,1249,1225.78,1245.7,112434
12-07-2016,1234.5,1238.33,1218.5,1230.75,62036
11-07-2016,1213.5,1234.5,1213.5,1231.83,101140
08-07-2016,1217.5,1221.5,1202.25,1212.75,228290
07-07-2016,1244,1246.45,1212.5,1214.53,147614
05-07-2016,1249,1249,1238.5,1241.35,60660
04-07-2016,1260,1262.5,1245,1247.4,105550
01-07-2016,1276.55,1285.5,1247.5,1250.9,97622
30-06-2016,1257,1281.9,1250.28,1275.4,371228
29-06-2016,1238.5,1254.5,1233.5,1249.8,116686
28-06-2016,1247.75,1251,1227.5,1230.9,186920
27-06-2016,1274,1274,1242.08,1247.68,209156
24-06-2016,1292.5,1296.05,1258.55,1285.35,305350
23-06-2016,1327.05,1328.98,1312.5,1322.15,80824
22-06-2016,1323.65,1337.73,1317,1332.75,111096
21-06-2016,1330,1330.55,1320,1323.65,86732
20-06-2016,1299.75,1331.48,1297.4,1327.85,227400
17-06-2016,1279.5,1304.9,1279.5,1301.75,85018
16-06-2016,1280.25,1282.4,1258.88,1278.55,63996
15-06-2016,1265,1281.85,1261.8,1277.85,75630
14-06-2016,1275,1278.45,1259.13,1267.35,72004
13-06-2016,1275,1277.83,1260.5,1275.98,73008
10-06-2016,1288.5,1301.13,1278,1280.48,60666
09-06-2016,1310,1312.3,1279,1288.75,81036
08-06-2016,1315,1315,1303.48,1305.55,36440
07-06-2016,1313.5,1319.45,1307.5,1315.73,36318
06-06-2016,1314.78,1319.93,1302.5,1305.68,63824
03-06-2016,1325.5,1329.3,1310.3,1315.43,72042
02-06-2016,1314.75,1325.5,1304.5,1323.45,64806
01-06-2016,1288.95,1321.28,1285.93,1315.93,127640
31-05-2016,1310.5,1322.73,1285,1287.55,8988
30-05-2016,1292.5,1321.5,1292.5,1317.68,131610
27-05-2016,1280.5,1290,1275,1286.03,122420
26-05-2016,1263,1284.5,1253.15,1276.4,112572
25-05-2016,1244.28,1266,1244.28,1263.35,151286
24-05-2016,1241.95,1244,1230.5,1233.75,226002
23-05-2016,1266,1273.88,1240.5,1245.85,378854
20-05-2016,1282.48,1282.5,1263,1266.03,164252
19-05-2016,1275,1279.95,1263.88,1277.78,84588
18-05-2016,1285.1,1285.1,1263.85,1275.23,64916
17-05-2016,1278,1295.43,1276.5,1285.1,106632
16-05-2016,1262,1281.98,1262,1276.9,55638
13-05-2016,1282.5,1282.5,1256,1261.7,94694
12-05-2016,1259.5,1285,1259.5,1283.53,110112
11-05-2016,1257.5,1262,1244.03,1258.88,97016
10-05-2016,1257,1266.43,1248.55,1261.8,43958
09-05-2016,1236.08,1259.95,1229.33,1257.68,93348
06-05-2016,1235,1242,1216,1236.08,54464
05-05-2016,1240.33,1245.2,1232.5,1237,93840
04-05-2016,1235.5,1246.05,1228.98,1239.13,62108
03-05-2016,1260,1265,1237.55,1240.13,139044
02-05-2016,1265.03,1265.03,1250.03,1262.58,45652
29-04-2016,1260,1269.8,1255.55,1265.03,711036
28-04-2016,1254,1268.18,1250,1263.48,148142
27-04-2016,1244.95,1256,1238.68,1252.78,89546
26-04-2016,1217.5,1246.4,1217.5,1244,129506
25-04-2016,1208.5,1227.1,1203,1224.15,131934
22-04-2016,1205.5,1217.5,1202.48,1208.6,139456
21-04-2016,1231,1233.45,1207.5,1211.6,179398
20-04-2016,1274,1274,1221,1225.95,483590
18-04-2016,1224.5,1276.58,1224.5,1261.2,452424
13-04-2016,1262.5,1271.7,1256.53,1261.58,67650
12-04-2016,1253.33,1259.63,1243.73,1256.25,61282
11-04-2016,1225,1257.23,1206.08,1253.33,109704
08-04-2016,1232.5,1233.45,1212.6,1214.35,66518
07-04-2016,1239.45,1241.7,1229.45,1235.48,42450
06-04-2016,1232.5,1243.75,1230.03,1239.45,74266
05-04-2016,1236.15,1242,1223.38,1231.33,398780
04-04-2016,1234.5,1243.9,1224,1235.35,67740
01-04-2016,1252.53,1260.48,1217.78,1227.7,136238
31-03-2016,1244,1267,1236.25,1258.03,98368
30-03-2016,1235,1251.5,1232.5,1244.18,57840
29-03-2016,1237.5,1243.2,1225,1233.93,59094
28-03-2016,1242.55,1258.98,1230.6,1236.78,99430
23-03-2016,1239,1242.5,1228.55,1237.35,246460
22-03-2016,1223,1242.5,1217.8,1237.03,88790
21-03-2016,1215,1228.5,1209.93,1221.83,92452
18-03-2016,1181.5,1217.5,1181.5,1213.63,164462
17-03-2016,1165.05,1180.83,1165.05,1175.88,73026
16-03-2016,1161.7,1165.5,1154.1,1163.68,37024
15-03-2016,1177.5,1178.48,1160,1164.83,46922
14-03-2016,1185,1198.45,1170,1176,55424
11-03-2016,1174,1194.95,1168.45,1183,431996
10-03-2016,1178,1178,1157.7,1174,62364
09-03-2016,1175,1184.43,1149,1178.1,86988
08-03-2016,1172.5,1182.5,1153,1177.2,64442
04-03-2016,1186.5,1188.98,1175,1179.53,57200
03-03-2016,1162,1194.75,1150.6,1188.65,151934
02-03-2016,1145.55,1165,1128.03,1159.78,99492
01-03-2016,1091.25,1142.25,1081.75,1137.5,101882
29-02-2016,1107,1115,1059.5,1090.95,286204
26-02-2016,1119,1128.48,1101.3,1107.35,72152
25-02-2016,1111,1119,1092.08,1106.13,118910
24-02-2016,1132,1132,1102.75,1109.33,94352
23-02-2016,1158,1160,1126.95,1132.55,367304
22-02-2016,1160.25,1171.73,1152.55,1157.1,814442
19-02-2016,1157,1162.65,1153.5,1160.1,37690
18-02-2016,1140.03,1159.73,1139.5,1157.65,63574
17-02-2016,1135.35,1140.95,1124.03,1139,86912
16-02-2016,1135,1140.5,1122.4,1133.88,53672
15-02-2016,1122.8,1153.25,1113.3,1134.78,1508258
12-02-2016,1099,1121,1083.98,1113.25,138038
11-02-2016,1135.55,1142.5,1086.55,1098.03,122050
10-02-2016,1140,1145,1129.03,1135.03,141830
09-02-2016,1165.5,1166,1128.5,1140.73,206276
08-02-2016,1207.5,1207.5,1175,1184.25,87642
05-02-2016,1203.05,1219.98,1203.05,1212.93,47698
04-02-2016,1210,1218.78,1201.6,1208.73,172872
03-02-2016,1188.5,1211.45,1178.48,1208.53,82094
02-02-2016,1204,1215.25,1190,1200.75,76890
01-02-2016,1196,1206,1180.53,1201.1,57782
29-01-2016,1169.5,1199.13,1168.05,1195.6,74230
28-01-2016,1155,1173.5,1155,1165.45,70362
27-01-2016,1151.98,1163.98,1141.85,1159.8,68270
25-01-2016,1147.58,1169.4,1146.53,1152.98,66944
22-01-2016,1133,1150.5,1130,1147.63,298538
21-01-2016,1140,1143.13,1123.5,1130.6,105962
20-01-2016,1139.5,1141.25,1121.88,1138.8,119194
19-01-2016,1141.5,1146.5,1133.63,1139.5,54776
18-01-2016,1135,1145.5,1131.5,1141.23,144486
15-01-2016,1145,1145.68,1129.08,1131.75,175192
14-01-2016,1137.5,1148.75,1126.3,1139.48,244870
13-01-2016,1158.5,1163.98,1129,1140.15,672554
12-01-2016,1183.98,1183.98,1150.55,1162.03,291138
11-01-2016,1198.23,1198.23,1174.95,1181.5,65566
08-01-2016,1190,1204.5,1186.48,1198.63,69254
07-01-2016,1187.5,1189.85,1179.93,1185.03,132686
06-01-2016,1182.5,1192.25,1176.1,1190.6,90250
05-01-2016,1191.5,1193.18,1171.78,1175.18,146954
04-01-2016,1208.05,1208.05,1184.53,1187.75,262498
01-01-2016,1216.05,1218.18,1206.2,1208.13,64378
31-12-2015,1210,1224,1204.5,1219.6,62962
30-12-2015,1226,1228.5,1206.5,1209.2,54808
29-12-2015,1230,1232.25,1222.5,1225.98,48200
28-12-2015,1211,1231.45,1211,1229.25,414864
24-12-2015,1210,1217.98,1201.9,1216.68,38392
23-12-2015,1205.68,1217.5,1205,1210.2,48366
22-12-2015,1220.53,1220.53,1200.25,1202.98,69932
21-12-2015,1205,1224,1203.73,1220.48,73056
18-12-2015,1218.78,1218.78,1201.58,1208.23,320128
17-12-2015,1210,1222.88,1197.6,1220.18,137124
16-12-2015,1198.98,1207.28,1192.85,1203.55,252840
15-12-2015,1190,1192.45,1182.85,1187.6,53926
14-12-2015,1172.45,1192.23,1167.5,1188.73,269902
11-12-2015,1197.5,1197.5,1181.53,1193.63,107072
10-12-2015,1185,1196.2,1176.75,1190.38,108516
09-12-2015,1165,1185.5,1160.28,1182.85,172142
08-12-2015,1161.5,1174.25,1159,1164.75,212822
07-12-2015,1165.5,1172.5,1158.33,1162.05,162092
04-12-2015,1169.9,1170,1161,1165.08,164818
03-12-2015,1183,1186.28,1173.75,1175.43,136578
02-12-2015,1183.5,1185.48,1174.5,1182.63,82846
01-12-2015,1182.5,1189.2,1178.6,1181.08,89434
30-11-2015,1180,1190.65,1176,1182.63,89252
27-11-2015,1173,1178.95,1166.5,1176.33,129668
26-11-2015,1186,1190.9,1169,1172.58,89382
24-11-2015,1194,1195.95,1182.5,1185.05,55752
23-11-2015,1206.95,1206.95,1192.08,1195.85,62248
20-11-2015,1182.05,1211,1182,1197.78,101632
19-11-2015,1185,1190.63,1176.03,1181.6,316556
18-11-2015,1195.28,1195.28,1173.48,1175.95,193076
17-11-2015,1190.5,1199.23,1187.88,1195.25,108060
16-11-2015,1200,1200,1177.5,1187.45,142860
13-11-2015,1232.5,1232.5,1193.85,1198.65,210762
11-11-2015,1235.5,1240.15,1228.4,1235.28,32906
10-11-2015,1238,1239,1225.75,1230.85,199900
09-11-2015,1242,1250.3,1234.48,1237.53,242028
06-11-2015,1244,1257.8,1241.5,1252.88,46934
05-11-2015,1269.48,1269.5,1242.58,1245.38,252790
04-11-2015,1275.5,1275.5,1260.1,1264.73,58756
03-11-2015,1260,1272.78,1259.28,1271.3,70980
02-11-2015,1248.5,1258.45,1244.03,1255.6,76464
30-10-2015,1250.5,1255.5,1242.5,1248.65,87304
29-10-2015,1265,1265,1246.5,1248.08,179668
28-10-2015,1263,1265,1253.8,1262.33,73428
27-10-2015,1267.6,1271.98,1260.73,1264.9,63014
26-10-2015,1272.5,1274,1258.5,1267.6,84658
23-10-2015,1267.5,1271,1263.53,1268.1,75840
21-10-2015,1263.38,1271.1,1259.35,1262.75,123038
20-10-2015,1246.5,1264.9,1246.25,1263.35,123862
19-10-2015,1239,1246.5,1229,1243.43,157074
16-10-2015,1245,1246,1235,1237.98,113920
15-10-2015,1245,1252.5,1232.5,1234.33,843970
14-10-2015,1275,1275,1240,1241.7,723396
13-10-2015,1302.5,1306.23,1284.03,1298.7,243962
12-10-2015,1333.5,1335,1292.65,1296.2,191846
09-10-2015,1339,1339,1305,1314.93,118000
08-10-2015,1332.53,1339,1310.25,1317.38,96736
07-10-2015,1347.85,1358.23,1323.55,1327.55,131440
06-10-2015,1362.5,1362.7,1340.1,1347.85,133480
05-10-2015,1325,1384.5,1325,1356.73,215412
01-10-2015,1300,1322.5,1295.3,1319.85,110352
30-09-2015,1315,1320.9,1285.78,1293.85,90546
29-09-2015,1286,1316,1285,1295.1,74704
28-09-2015,1290,1309.48,1290,1295.18,55330
24-09-2015,1267,1291.98,1265.95,1287.8,133316
23-09-2015,1263.5,1278.65,1257.5,1267.03,74106
22-09-2015,1277.08,1287.5,1246.95,1263.18,89186
21-09-2015,1275,1277.08,1267.08,1275.35,54602
18-09-2015,1280,1292.5,1273.9,1277.08,94854
16-09-2015,1274,1281.98,1271.75,1275.58,41600
15-09-2015,1275.38,1279,1268,1271.58,68234
14-09-2015,1277.5,1282.35,1272.58,1275.38,34628
11-09-2015,1274.95,1284,1267.6,1272.75,81920
10-09-2015,1270,1288,1263.53,1271.18,110606
09-09-2015,1280,1287.5,1273.33,1275.33,62014
08-09-2015,1271.5,1281.85,1261.53,1271.05,512514
07-09-2015,1276,1279.75,1267.5,1269.75,46044
04-09-2015,1312.5,1312.5,1271.23,1274.73,90636
03-09-2015,1307,1307,1288.5,1302.63,57044
02-09-2015,1280,1309.5,1273.3,1296.6,106866
01-09-2015,1283.5,1305,1265.5,1269.4,98388
31-08-2015,1291.93,1294.23,1266.5,1282.63,85438
28-08-2015,1299.5,1302.45,1280,1285.33,80804
27-08-2015,1307.6,1307.6,1273.5,1288.8,63812
26-08-2015,1282.73,1319.48,1257.45,1288.38,108616
25-08-2015,1292.5,1309.05,1268.05,1283.68,155944
24-08-2015,1337.5,1337.5,1285,1289.6,167770
21-08-2015,1345.15,1363.9,1328.5,1337.55,108304
20-08-2015,1366,1366,1337.63,1345.6,66368
19-08-2015,1375,1375.48,1359.03,1365.7,62588
18-08-2015,1350,1373,1347.1,1367.3,103260
17-08-2015,1347,1347,1327.73,1342.38,83512
14-08-2015,1317.55,1356.5,1317.55,1346.83,135894
13-08-2015,1335.75,1341.25,1313.53,1318.7,89796
12-08-2015,1301.5,1344.8,1301.5,1335.7,401028
11-08-2015,1285,1304.98,1272.03,1301.53,116824
10-08-2015,1281.5,1294,1279.15,1285.4,63296
07-08-2015,1287.15,1287.15,1274.13,1275.85,43454
06-08-2015,1275,1291,1275,1287.15,79392
05-08-2015,1255,1273.93,1255,1270.83,66790
04-08-2015,1255,1260.4,1242.9,1254.65,60430
03-08-2015,1254.95,1262,1250,1253.98,48678
31-07-2015,1245,1259.25,1244.28,1255,83126
30-07-2015,1255,1257.5,1238.5,1240.48,100382
29-07-2015,1256,1257.73,1242.45,1254.05,78546
28-07-2015,1250,1259.48,1246.03,1250.75,64630
27-07-2015,1250,1252.5,1241.03,1248.45,130690
24-07-2015,1257,1258.5,1246.93,1251.88,53340
23-07-2015,1267.5,1269.23,1241.5,1243.98,126690
22-07-2015,1280,1283.95,1260.7,1264.05,135736
21-07-2015,1289.75,1299.53,1278,1281.43,79240
20-07-2015,1279.5,1294.5,1277.18,1289.78,65860
17-07-2015,1270.5,1283.5,1270.5,1279.68,73088
16-07-2015,1270.5,1279.23,1263,1269.08,80986
15-07-2015,1251.5,1275,1251.5,1273.13,92056
14-07-2015,1254.5,1255.9,1245.5,1249.75,95370
13-07-2015,1242,1259.15,1240,1254.3,128048
10-07-2015,1281,1281,1227.5,1235.95,606696
09-07-2015,1300,1300,1252.88,1260.7,259988
08-07-2015,1300.5,1311.23,1292.05,1297.03,303412
07-07-2015,1317.5,1323.33,1302.45,1309.53,78296
06-07-2015,1295,1321.7,1290.95,1316.4,92850
03-07-2015,1288.5,1304.33,1285.5,1302.4,58990
02-07-2015,1304.4,1304.4,1287.5,1290.43,72456
01-07-2015,1282.5,1299.5,1280.08,1295.9,65830
30-06-2015,1295,1295,1273.5,1276.1,108860
29-06-2015,1290,1301.6,1273,1296.78,101602
26-06-2015,1276.5,1299,1276.5,1297.03,67198
25-06-2015,1283.5,1287,1273.25,1275.88,54504
24-06-2015,1291,1292.9,1280,1284.2,116180
23-06-2015,1300,1300,1285.53,1288.85,145588
22-06-2015,1276.28,1302.5,1276,1297.85,58294
19-06-2015,1269.95,1280,1265,1275.55,60832
18-06-2015,1257.5,1272.9,1255.5,1264.28,82374
17-06-2015,1255.5,1265.03,1251.6,1257.48,92202
16-06-2015,1256.05,1258.2,1247.5,1255.53,62236
15-06-2015,1250,1259.95,1241,1255.9,204628
12-06-2015,1287.43,1294.03,1238.5,1256.03,211666
11-06-2015,1302.5,1312.5,1275.5,1285.5,83500
10-06-2015,1282,1305,1282,1301.03,89924
09-06-2015,1287.5,1294,1275,1279.05,53630
08-06-2015,1299,1299,1282.3,1289.33,69924
05-06-2015,1292.28,1302.5,1284,1286.18,222754
04-06-2015,1310,1311,1295.25,1303.1,68786
03-06-2015,1304.98,1312.5,1296,1305.38,100560
02-06-2015,1314,1315.25,1295.5,1300.23,103568
01-06-2015,1305.13,1322.43,1303.8,1308.2,73896
29-05-2015,1305.68,1323.48,1299.7,1305.3,195974
28-05-2015,1300,1312.45,1291.45,1304.98,76098
27-05-2015,1297.5,1315.75,1296,1308.28,96482
26-05-2015,1301.58,1311,1295,1303.18,53828
25-05-2015,1310,1316.6,1294.05,1300.7,74996
22-05-2015,1277.75,1314.5,1270.53,1309.78,737796
21-05-2015,1279.95,1290,1274.5,1278.83,70166
20-05-2015,1264,1281.85,1260,1278.78,108118
19-05-2015,1260,1264.75,1249.15,1255.98,212878
18-05-2015,1257.5,1262.5,1247.5,1259.68,1831544
15-05-2015,1254,1265,1250.5,1254.83,33502
14-05-2015,1264.25,1264.25,1243.13,1249.98,837928
13-05-2015,1262.93,1272.5,1241.98,1259.98,155434
12-05-2015,1277.5,1279.63,1257.68,1260.6,61376
11-05-2015,1272.5,1281.43,1263.13,1277.9,63760
08-05-2015,1276,1293.4,1260.03,1265.35,126866
07-05-2015,1232.5,1278,1230,1271.65,205580
06-05-2015,1255.5,1258.5,1228.3,1231.43,228294
05-05-2015,1250.63,1267.5,1250.08,1259.63,193750
04-05-2015,1241,1251.93,1228.58,1239.55,104748
30-04-2015,1242,1242,1214.15,1233.33,193446
29-04-2015,1247,1247.5,1226.53,1242.83,115012
28-04-2015,1252.5,1253.33,1228.05,1247.28,118132
27-04-2015,1254.5,1259.3,1243.18,1250.15,124642
24-04-2015,1229,1257.5,1225,1248.45,172258
23-04-2015,1236.05,1238.23,1216.5,1228.43,90060
22-04-2015,1212.5,1234.08,1203.55,1223.95,150400
21-04-2015,1219.45,1225,1201,1213.43,149130
20-04-2015,1242,1243,1213.5,1215.33,1562296
17-04-2015,1280.5,1280.5,1235.5,1238.1,748862
16-04-2015,1317.45,1317.45,1283.9,1292.6,230710
15-04-2015,1325,1356,1306.23,1312.35,280702
13-04-2015,1333.5,1333.5,1315,1325.13,75240
10-04-2015,1327.5,1334.83,1314.4,1325.98,75400
09-04-2015,1339.4,1341.98,1317.58,1330.58,135952
08-04-2015,1294,1326,1290.63,1322.18,109442
07-04-2015,1284,1296,1273.63,1293.05,102886
06-04-2015,1277.5,1280.23,1251.83,1273,120978
01-04-2015,1282.5,1282.5,1261.25,1271.7,349360
31-03-2015,1280,1283.7,1259.58,1273.53,129270
30-03-2015,1262.5,1281.3,1259.05,1278.63,78396
27-03-2015,1265.5,1285.63,1253.43,1258.1,122936
26-03-2015,1278.9,1293.05,1250.83,1256.68,92698
25-03-2015,1299.5,1307,1272.63,1286.55,217838
24-03-2015,1310.98,1318,1291.03,1296.78,118228
23-03-2015,1305.5,1315.38,1303.5,1305.28,71220
20-03-2015,1300,1308.38,1294.65,1304.83,201954
19-03-2015,1292.5,1303,1284.6,1297.2,103054
18-03-2015,1295,1299.45,1277.25,1280.35,91332
17-03-2015,1290.1,1302.75,1278.98,1290.45,97638
16-03-2015,1291,1304.98,1278.25,1282.68,87322
13-03-2015,1312.5,1319.3,1286.08,1290.53,141250
12-03-2015,1308,1312.4,1295.5,1309.5,116044
11-03-2015,1319.78,1330.68,1300.5,1304.68,159988
10-03-2015,1321.63,1337.3,1297.68,1321.4,194476
09-03-2015,1320,1340.13,1305.9,1321.58,170774
05-03-2015,1374,1384.08,1343,1348.18,155622
04-03-2015,1387.5,1405,1358.98,1371.7,178838
03-03-2015,1335,1395,1335,1387.35,234874
02-03-2015,1337.55,1353.5,1326.63,1335.08,82386
28-02-2015,1333,1344.95,1323.1,1337.65,126872
27-02-2015,1326.5,1335.45,1309.13,1331.88,116408
26-02-2015,1337.5,1347.1,1313.15,1328.18,100572
25-02-2015,1354,1361.48,1334,1335.65,90696
24-02-2015,1348.75,1363.5,1340.8,1353.58,155542
23-02-2015,1336.95,1359.95,1335.78,1347.53,124512
20-02-2015,1340.05,1347.48,1321.93,1337.43,114720
19-02-2015,1324,1342.5,1317.5,1339.85,160138
18-02-2015,1293.5,1320,1282.78,1316.95,252552
16-02-2015,1275,1296.73,1275,1292.63,171790
13-02-2015,1235,1273.38,1230.88,1269.33,208820
12-02-2015,1239.5,1239.5,1224,1231.4,87110
11-02-2015,1230,1243.8,1224,1230.08,111550
10-02-2015,1252.5,1262.1,1218,1221.48,303682
09-02-2015,1287.5,1287.5,1250.5,1257.58,114180
06-02-2015,1276,1296,1275.95,1288,140984
05-02-2015,1257.5,1295,1257.5,1275.95,462972
04-02-2015,1282.5,1284.83,1251.73,1257,96438
03-02-2015,1250.5,1280,1250.5,1277.4,182210
02-02-2015,1241.05,1260,1232.25,1256.4,101692
30-01-2015,1272.5,1287.48,1235.08,1240.5,301548
29-01-2015,1267.5,1279.2,1256.05,1270.68,105674
28-01-2015,1251.5,1271.53,1250.68,1267.35,171742
27-01-2015,1259.95,1259.95,1245.05,1251.4,104384
23-01-2015,1252.5,1265,1247.55,1250.85,115804
22-01-2015,1255.95,1260.4,1247.5,1256.38,109956
21-01-2015,1258,1259.5,1245.05,1255.68,120524
20-01-2015,1263.45,1264.83,1241.63,1249.78,180204
19-01-2015,1265.95,1276.35,1251.45,1254.88,93902
16-01-2015,1270,1272.5,1242,1265.95,367472
15-01-2015,1260.98,1291.75,1260.98,1272.5,1897278
14-01-2015,1251.78,1265.4,1251.5,1259.08,82250
13-01-2015,1257.65,1265,1240.13,1249.15,94802
12-01-2015,1260,1264.5,1240.43,1256.03,129186
09-01-2015,1225,1259,1225,1256.1,192712
08-01-2015,1222.5,1225,1211.53,1221.93,105244
07-01-2015,1230.25,1239.5,1203.7,1208.4,281004
06-01-2015,1263.5,1263.5,1220.03,1223.28,176534
05-01-2015,1296.5,1299.53,1263.5,1268.95,130358
02-01-2015,1273.63,1294.5,1273.63,1285.43,177124
01-01-2015,1277.18,1281.75,1271,1274.1,35272
31-12-2014,1263,1280,1263,1277.35,52082
30-12-2014,1262.5,1271.15,1257.75,1265.65,47486
29-12-2014,1252.55,1267.5,1252.55,1262.35,52376
26-12-2014,1242.5,1255.45,1233.35,1252.75,87044
24-12-2014,1258,1259.25,1236.98,1240.58,75618
23-12-2014,1259.1,1267.5,1248.08,1258.53,62280
22-12-2014,1266.4,1266.4,1237.58,1256.5,80760
19-12-2014,1232,1260.13,1232,1254.48,100908
18-12-2014,1225.5,1233.25,1218.13,1229.53,88266
17-12-2014,1225,1235.95,1202.85,1222.15,133894
16-12-2014,1175,1228.83,1174.13,1221.58,232422
15-12-2014,1196.9,1196.9,1178.23,1181.4,239616
12-12-2014,1249.5,1260.93,1213.5,1227.85,202122
11-12-2014,1255.9,1261.48,1242.65,1246.28,107098
10-12-2014,1256,1265.5,1249.3,1255.2,93182
09-12-2014,1260,1279.23,1256.23,1258.73,109626
08-12-2014,1292.5,1293.88,1252.75,1256.85,178734
05-12-2014,1323,1324,1287.5,1289.23,129922
04-12-2014,1332,1332.5,1310,1318.33,71026
03-12-2014,1330.58,1334.05,1309.5,1317.53,124802
02-12-2014,1346,1354.5,1323.58,1328.03,116194
01-12-2014,1321.5,1350,1321.5,1346.58,122492
28-11-2014,1330,1344,1318,1321.55,103518
27-11-2014,1314.5,1329.5,1313,1324.58,56702
26-11-2014,1310,1326.3,1308.8,1314.38,69672
25-11-2014,1325,1340,1310,1317.38,78402
24-11-2014,1306.03,1328.13,1306.03,1326.1,135504
21-11-2014,1303,1316.98,1293,1308.15,122572
20-11-2014,1297.48,1305,1281.7,1302.73,120932
19-11-2014,1295.5,1297,1280.5,1288.83,120490
18-11-2014,1308.5,1312.5,1290.75,1293.78,114250
17-11-2014,1299,1312.15,1297.43,1309.25,90530
14-11-2014,1292.75,1306.25,1288.5,1303,89648
13-11-2014,1295.9,1301.5,1283.5,1294.03,96758
12-11-2014,1285.5,1305,1285.5,1295.88,80208
11-11-2014,1291,1296.8,1279.43,1288.78,72748
10-11-2014,1294,1294,1275.5,1283.75,100718
07-11-2014,1300.58,1307.33,1279.4,1286.75,113492
05-11-2014,1297.5,1310.53,1293.5,1300.43,122494
03-11-2014,1322.5,1322.7,1290.45,1294.65,273154
31-10-2014,1281,1310,1281,1302.28,708984
30-10-2014,1258.4,1286.5,1254.48,1278.95,245042
29-10-2014,1238.95,1254.5,1237.5,1251.33,137244
28-10-2014,1240,1240.45,1227.5,1239.1,121068
27-10-2014,1257.53,1257.53,1225.5,1229.15,191226
23-10-2014,1230,1236,1227.95,1232.7,62540
22-10-2014,1240,1241.5,1222.5,1226.2,249564
21-10-2014,1215.5,1222.13,1207.83,1216.73,195100
20-10-2014,1240,1248.65,1208.4,1211.68,311676
17-10-2014,1237.5,1254.75,1216.55,1222.45,1151042
16-10-2014,1362,1375.78,1332.5,1339.43,316262
14-10-2014,1367.5,1370,1339.75,1349.85,199312
13-10-2014,1342.5,1365,1335,1360.18,238866
10-10-2014,1354.95,1362.45,1334.45,1339.58,313930
09-10-2014,1345,1360.6,1344,1353.05,101828
08-10-2014,1367.5,1373.5,1325.5,1340.68,185914
07-10-2014,1382.5,1417,1363.93,1366.6,127156
01-10-2014,1374.5,1401,1369.9,1387.85,164292
30-09-2014,1385,1389.98,1356.08,1369.1,313682
29-09-2014,1349.5,1388.9,1338.83,1384,214076
26-09-2014,1357.5,1361.93,1335.05,1341.43,91656
25-09-2014,1325,1362.9,1325,1353.83,121478
24-09-2014,1347.5,1349.35,1316.18,1321.73,143280
23-09-2014,1363,1390,1341.65,1344.45,145346
22-09-2014,1354.05,1367.5,1340,1360.3,95906
19-09-2014,1319.03,1366.63,1319.03,1354.03,227200
18-09-2014,1296,1324.4,1290.5,1318.33,94910
17-09-2014,1285,1302.35,1281.93,1294.23,100648
16-09-2014,1284.5,1286.98,1274.15,1277.45,75328
15-09-2014,1303.75,1307.4,1277.08,1279.38,95598
12-09-2014,1297.95,1311.73,1296.5,1302.93,55942
11-09-2014,1310,1312.5,1296,1298.05,75130
10-09-2014,1316.5,1327.5,1297.53,1301.63,102312
09-09-2014,1325,1333.5,1313,1315.15,78894
08-09-2014,1302.75,1325,1300.3,1318.03,259694
05-09-2014,1296,1310,1291.55,1298.5,74542
04-09-2014,1306.5,1313.65,1289.25,1292.08,175362
03-09-2014,1275,1306.48,1270.5,1300.65,318464
02-09-2014,1270,1276,1257.5,1269.55,94688
01-09-2014,1262.5,1280,1261.53,1268.63,92324
28-08-2014,1280,1280,1258.55,1262.3,75306
27-08-2014,1269.45,1282.9,1257.95,1272.68,131636
26-08-2014,1260.5,1274.95,1249.5,1266.73,169464
25-08-2014,1235,1262.7,1234.85,1260.58,278062
22-08-2014,1222.5,1234,1219,1230.83,214552
21-08-2014,1220.5,1230,1212.98,1215.98,219936
20-08-2014,1235,1235,1215.75,1218.23,209764
19-08-2014,1249,1250,1217.55,1219.18,234506
18-08-2014,1247,1252.8,1236.7,1243.23,73424
14-08-2014,1250,1264.98,1244.05,1248.28,111768
13-08-2014,1235,1264.48,1235,1247.45,142258
12-08-2014,1240,1242.08,1220.5,1236.85,69776
11-08-2014,1250,1250.5,1227.6,1234.38,65132
08-08-2014,1235,1252.83,1232.5,1238,100858
07-08-2014,1250,1250.5,1229.25,1235.1,134774
06-08-2014,1262,1267.35,1247,1254.7,95492
05-08-2014,1275,1275,1245.95,1261.28,112300
04-08-2014,1261.1,1271,1244.05,1263.48,123824
01-08-2014,1288.5,1294,1254.5,1258.23,121176
31-07-2014,1289.4,1295.88,1284.65,1288.65,66726
30-07-2014,1290,1304.95,1287.55,1296.73,66914
28-07-2014,1292.5,1299.9,1277.5,1294.35,103880
25-07-2014,1297.5,1306.68,1284.4,1302.48,126220
24-07-2014,1299.5,1300,1283.38,1297.28,172274
23-07-2014,1270.5,1297.5,1266.5,1293.45,213324
22-07-2014,1233.95,1269.5,1231.85,1265.53,184560
21-07-2014,1224.98,1235,1222.05,1232.15,97494
18-07-2014,1225.5,1243,1217.5,1221.33,397452
17-07-2014,1206.9,1214.38,1188.03,1190.55,134768
16-07-2014,1201,1208.65,1194.13,1200.68,99370
15-07-2014,1213.5,1219.9,1197.5,1200.1,81754
14-07-2014,1207.5,1218.45,1192.53,1212.35,113426
11-07-2014,1188,1204.5,1184.35,1199,139130
10-07-2014,1198.05,1212.5,1168,1173.95,189536
09-07-2014,1225,1235.53,1193,1198.65,122230
08-07-2014,1245,1245,1217.5,1224.85,126902
07-07-2014,1205,1246.25,1205,1241.75,161812
04-07-2014,1208.88,1213.03,1200.98,1204.9,49028
03-07-2014,1203.5,1215,1196.5,1208.88,17406
02-07-2014,1197.5,1206.35,1192.5,1198.53,84686
01-07-2014,1207.5,1211.5,1191.55,1195.2,78442
30-06-2014,1201,1213.5,1188.75,1209.73,151264
27-06-2014,1160,1202.48,1158.4,1199.2,350162
26-06-2014,1152.5,1171.5,1145.6,1154.7,113326
25-06-2014,1153.5,1159,1147.5,1154.95,70798
24-06-2014,1132.38,1157.5,1128.43,1152.15,119980
23-06-2014,1143,1149.5,1125.03,1132.38,95824
20-06-2014,1140,1146.85,1131,1143.25,111902
19-06-2014,1113.5,1142,1105.5,1137.55,587752
18-06-2014,1144,1144.05,1110.05,1112.73,184044
17-06-2014,1140.53,1148.43,1135,1139.08,106036
16-06-2014,1107.5,1137.05,1107.5,1134.28,211418
13-06-2014,1117.5,1117.88,1094,1107.35,232952
12-06-2014,1124.05,1125.25,1092.3,1116.05,185886
11-06-2014,1081.5,1105.93,1070.2,1102.63,291390
10-06-2014,1059.95,1080,1056.98,1078.55,148142
09-06-2014,1042.5,1059.5,1040,1057.63,191228
06-06-2014,1055,1055,1031.25,1042.03,308078
05-06-2014,1045.95,1056.2,1034.5,1052.78,175906
04-06-2014,1066,1067.5,1040,1044.7,164358
03-06-2014,1065,1069.25,1053,1065.15,247052
02-06-2014,1073.5,1077,1058.5,1064.95,69876
30-05-2014,1080,1084.58,1066.03,1072.1,66916
29-05-2014,1077.5,1088.5,1067.5,1079.55,90774
28-05-2014,1066,1080,1061.23,1074.93,371152
27-05-2014,1078,1091.85,1058.03,1065.23,120378
26-05-2014,1067.5,1085,1066.5,1076.83,131308
23-05-2014,1060.5,1073.93,1050,1063.7,139576
22-05-2014,1045,1059.13,1037,1054.65,153470
21-05-2014,1032.5,1043.9,1028,1039.98,127912
20-05-2014,1017,1044.5,1013.08,1031.53,176682
19-05-2014,1080,1080,1000.25,1017.35,605858
16-05-2014,1096.5,1126.83,1050.53,1078.78,1208144
15-05-2014,1108.5,1108.88,1086.63,1096.73,525126
14-05-2014,1105,1118.75,1101.73,1107.38,145458
13-05-2014,1087.5,1118.98,1085,1105.33,230762
12-05-2014,1080,1083.5,1062.75,1079.85,606398
09-05-2014,1080,1092,1075.95,1080.6,255318
08-05-2014,1082.5,1090.5,1075.45,1082.68,317994
07-05-2014,1095.5,1101.35,1071,1083.18,522036
06-05-2014,1110,1110,1095.55,1099.48,59410
05-05-2014,1105,1114.5,1102.5,1106.95,79698
02-05-2014,1097,1109.6,1093.5,1104.43,104042
30-04-2014,1097,1103.48,1090.95,1094.7,106414
29-04-2014,1096.35,1102.8,1090,1096.75,89570
28-04-2014,1111.5,1111.5,1090.03,1095.63,101904
25-04-2014,1107,1117.35,1097.5,1101.13,107470
23-04-2014,1112.55,1120,1100.98,1107.48,265354
22-04-2014,1113.65,1124.48,1109,1110.15,128950
21-04-2014,1112.5,1121,1106.43,1110.25,134938
17-04-2014,1109,1115,1071.55,1108.73,594404
16-04-2014,1135,1135,1092.5,1097.5,296764
15-04-2014,1081.85,1129.4,1081.85,1125.78,360516
11-04-2014,1062.9,1087,1050.58,1081.85,207916
10-04-2014,1070,1074,1058.98,1063.28,121562
09-04-2014,1079.5,1080.03,1052.5,1067.45,265544
07-04-2014,1065.5,1087.5,1060.55,1075.2,306634
04-04-2014,1085.5,1093,1065.75,1069.78,138092
03-04-2014,1085.5,1090.45,1074.68,1083.35,108080
02-04-2014,1089.9,1100,1081,1085.83,182808
01-04-2014,1072.5,1090.5,1070,1086.23,231464
31-03-2014,1052.5,1067.98,1041.55,1064.13,186888
28-03-2014,1050,1070,1042.5,1052.78,179600
27-03-2014,1050,1056.1,1033.35,1047.43,217646
26-03-2014,1075.75,1077.3,1046.5,1049.18,592608
25-03-2014,1074.85,1086,1065,1072.85,160596
24-03-2014,1066,1078.63,1064.63,1076.18,973286
22-03-2014,1063.5,1070.45,1058.98,1062.78,21044
21-03-2014,1061,1071.9,1043.5,1062.68,682958
20-03-2014,1019.5,1060.5,1007.35,1053.95,408800
19-03-2014,1039,1039,1007.5,1020.48,563434
18-03-2014,1069.85,1075,1055,1061.28,153102
14-03-2014,1074.75,1080.5,1063.03,1070.58,127604
13-03-2014,1077.5,1100.75,1069,1076.73,170788
12-03-2014,1073.08,1094.68,1073.08,1089.38,128850
11-03-2014,1074.1,1088.58,1062,1075.03,201004
10-03-2014,1112.5,1113.5,1067.75,1071.75,272024
07-03-2014,1125,1125,1075.85,1112.55,1061976
06-03-2014,1127,1129.5,1111,1120.58,77256
05-03-2014,1126.53,1142.15,1121.5,1125.08,296112
04-03-2014,1119,1127.58,1112.5,1121.48,90316
03-03-2014,1135,1148.45,1116.6,1120.43,131848
28-02-2014,1084,1138.5,1080,1136.4,293910
26-02-2014,1095.5,1097.5,1089.28,1091.2,69202
25-02-2014,1095,1099.85,1090.75,1094.15,105698
24-02-2014,1103,1103,1085.6,1089.1,181384
21-02-2014,1101.5,1105.5,1096,1102.68,67268
20-02-2014,1101.1,1110.75,1093.23,1096.43,135380
19-02-2014,1085.5,1104.88,1080.38,1099.23,94074
18-02-2014,1083.35,1094.95,1079.35,1083.08,67902
17-02-2014,1084.5,1093.5,1074.78,1084.3,202532
14-02-2014,1069.5,1092.2,1064.25,1083.13,149938
13-02-2014,1054.5,1069.5,1049.5,1066.88,165496
12-02-2014,1061.85,1061.9,1047.55,1051.9,126528
11-02-2014,1047.5,1063,1047.5,1050.5,202536
10-02-2014,1072.5,1074,1044,1046.85,216682
07-02-2014,1092.5,1095.65,1065.73,1071.68,160128
06-02-2014,1095,1095,1071,1087.38,204318
05-02-2014,1080,1097.5,1072,1095.53,162520
04-02-2014,1089.53,1089.53,1057.5,1077.6,258588
03-02-2014,1113.5,1122,1096,1098.33,107042
31-01-2014,1115,1134.88,1110.78,1118.1,252886
30-01-2014,1102,1114.5,1095.03,1108.95,162514
29-01-2014,1115.55,1117,1101.5,1104.78,117962
28-01-2014,1112.25,1123.85,1098.95,1106.65,429740
27-01-2014,1118,1129,1111,1115.15,133028
24-01-2014,1127,1142,1120.53,1124.08,184374
23-01-2014,1136.95,1138.5,1119.55,1127.08,163640
22-01-2014,1147.5,1148,1132.88,1137.18,193796
21-01-2014,1165.08,1170,1137.93,1140.33,298016
20-01-2014,1110,1174.45,1108,1169.13,562648
17-01-2014,1150,1150,1105.03,1107.83,768062
16-01-2014,1190,1190,1160.55,1175.68,278368
15-01-2014,1171.5,1188.5,1164.08,1177.13,273356
14-01-2014,1190,1192.1,1161.4,1164.08,176666
13-01-2014,1145,1191.13,1144.5,1185.15,258940
10-01-2014,1125,1153.5,1118.2,1140.9,266952
09-01-2014,1115,1127.38,1111.5,1121.83,145656
08-01-2014,1107.43,1121.25,1102.55,1116.5,151936
07-01-2014,1119.15,1127.4,1100.3,1104.1,135104
06-01-2014,1113,1121.83,1098.5,1119.8,145172
03-01-2014,1087.5,1114.13,1075.5,1111,267204
02-01-2014,1080,1093.58,1075,1081.15,117324
01-01-2014,1090,1092.5,1075.53,1076.85,73300
